cod_proyecto,proyecto,linea
P001,Addventure Más,Emprendimiento
P002,Adoratrices,Proyectos Especiales - Religiosos
P003,Alejandra Velez,Proyectos Especiales - Salud
P004,Alimentamor + Gestar CDI La LIBIA,Proyectos Especiales - Primera Infancia
P005,Aprendamos todos a leer,Educación
P006,Aprendamos todos matemáticas,Educación
P007,Aprende,
P008,Batuta,Proyectos Especiales - Formación
P009,Betania,Proyectos Especiales - Vivienda
P010,Ceder,Proyectos Especiales - Formación
P011,Clínica San Juan de Dios,Otras Iniciativas
P012,Ecosistema Innovación Primera Infancia,Proyectos Especiales - Formación
P013,Emprendiendo Sueños,Emprendimiento
P014,Empresas de Alto Potencial,Emprendimiento
P015,English at Work,Educación
P016,Escuela activa urbana,Educación
P017,Estoy con Manizales,
P018,Estoy con Manizales y Manizales Campus Universitario,
P019,Formare,Formare
P020,Fortalecimiento de las unidades neonatal y de gastro enterología clínico - quirúrgica en los servicios especiales de salud del hospital de caldas,Proyectos Especiales - Salud
P021,Fundación San Ezequiel Moreno,Proyectos Especiales - Salud
P022,Generación R,Generación R
P023,Gestar Futuro,Proyectos Especiales - Primera Infancia
P024,Gestar Futuro Alianza Primero la Infancia,Proyectos Especiales - Primera Infancia
P025,Gestar Futuro Alianza Primero la Infancia Centro demostrativo para la primera infancia,
P026,Gestar Futuro CDI LA LIBIA,Proyectos Especiales - Primera Infancia
P027,Growth Team,Emprendimiento
P028,Hogar San Judas,Proyectos Especiales - Religiosos
P029,Hogares de Adulto Mayor,Proyectos Especiales - Tercera Edad
P030,Innovatech,Emprendimiento
P031,Investigación de cáncer Colorrectal,Proyectos Especiales - Salud
P032,Luisas de Marillac,Proyectos Especiales - Religiosos
P033,Manizales Campus Universitario,Educación
P034,Manizales Cómo vamos,Otras Iniciativas
P035,Me Cuido Activo Manizales,Proyectos Especiales - Tercera Edad
P036,Nutrir,Proyectos Especiales - Salud
P037,Otras Iniciativas de Ciudad,Otras Iniciativas
P038,Otras iniciativas de educación,Educación
P039,Premio cívico,Otras Iniciativas
P040,Profesores de Alto Potencial,Emprendimiento
P041,Ravasco,Proyectos Especiales - Formación
P042,Spin off,Educación
P043,Sueños de Chocolate,The Cacao Effect
P044,Universidad en tu colegio,Educación
P045,Vender Más,Emprendimiento
P046,Visitación,Proyectos Especiales - Religiosos
P047,VIVO Unidad de Oncologia del SES,Proyectos Especiales - Salud
P048,Vocaciones,Proyectos Especiales - Religiosos
PT001,Curso Formativo en Ingles- B1,Programas técnicos UTC
PT002,English at work,Programas técnicos UTC
PT003,Técnico Laboral Adecuación de Tecnologías para Audio y Video,Programas técnicos UTC
PT004,Técnico Laboral En Aplicaciones Web - Técnico Profesional En Programación De Computadores,Programas técnicos UTC
PT005,Técnico Laboral En Auxiliar De Automatización - Técnico Profesional En Control Industrial,Programas técnicos UTC
PT006,Técnico Laboral En Auxiliar En Sistemas Informáticos - Técnico Profesional En Programación De Computadores,Programas técnicos UTC
PT007,Técnico Laboral En Dibujo Mecánico - Técnico Profesional En Mantenimiento Mecánico,Programas técnicos UTC
PT008,Técnico Laboral En Sistemas Domóticos - Técnico Profesional En Control Industrial,Programas técnicos UTC
PT009,"Técnico Laboral en Acondicionamiento Físico, Recreación y Deporte",Programas técnicos UTC
PT010,Técnico Laboral en Aplicaciones Web,Programas técnicos UTC
PT011,Técnico Laboral en Asistencia y Soporte de Tecnologías de la Información,Programas técnicos UTC
PT012,Técnico Laboral en Asistente Administrativo,Programas técnicos UTC
PT013,Técnico Laboral en Asistente Contable y Financiero,Programas técnicos UTC
PT014,Técnico Laboral en Asistente de Veterinaria,Programas técnicos UTC
PT015,Técnico Laboral en Asistente de Preescolar,Programas técnicos UTC
PT016,Técnico Laboral en Atención Integral al Adulto Mayor,Programas técnicos UTC
PT017,Técnico Laboral en Auxiliar Administrativo en Salud,Programas técnicos UTC
PT018,Técnico Laboral en Auxiliar de Enfermeria,Programas técnicos UTC
PT019,Técnico Laboral en Cocina,Programas técnicos UTC
PT020,Técnico Laboral en Composición Musical de Contenidos Digitales,Programas técnicos UTC
PT021,Técnico Laboral en Comunicación Gráfica,Programas técnicos UTC
PT022,Técnico Laboral en Creación y Adecuación de Tecnologías para Audio y Vídeo,Programas técnicos UTC
PT023,Técnico Laboral en Dibujo Mecánico,Programas técnicos UTC
PT024,Técnico Laboral en Diseño Gráfico,Programas técnicos UTC
PT025,Técnico Laboral en Diseño de Joyas y Tallado de Piedras Preciosas,Programas técnicos UTC
PT026,Técnico Laboral en Gestión Integral en Educación Inicial,Programas técnicos UTC
PT027,Técnico Laboral en Preparación Física y Entrenamiento Deportivo,Programas técnicos UTC
PT028,Técnico Laboral en Recursos Humanos,Programas técnicos UTC
PT029,Técnico Laboral en Sistemas Dómoticos,Programas técnicos UTC
PT030,Técnico Profesional En Servicio Al Cliente,Programas técnicos UTC
PT031,Técnico Profesional en Atención al Cliente,Programas técnicos UTC
PT032,Técnico Profesional en Configuración de Servicios Comerciales Web,Programas técnicos UTC
PT033,Técnico Profesional en Control Industrial,Programas técnicos UTC
PT034,Técnico Profesional en Formulación de Proyectos Agropecuarios,Programas técnicos UTC
PT035,Técnico Profesional en Formulación e Implementación de Proyectos Agropecuarios,Programas técnicos UTC
PT036,Técnico Profesional en Higiene y Seguridad Ocupacional,Programas técnicos UTC
PT037,Técnico Profesional en Mantenimiento Mecánico,Programas técnicos UTC
PT038,Técnico Profesional en Marketing Digital,Programas técnicos UTC
PT039,Técnico Profesional en Operación de Servicios Turísticos,Programas técnicos UTC
PT040,Técnico Profesional en Operación de la Cadena Logística,Programas técnicos UTC
PT041,Técnico Profesional en Programación Web,Programas técnicos UTC
PT042,Técnico Profesional en Programación de Computadores,Programas técnicos UTC
PT043,Técnico Profesional en Saneamiento Ambiental,Programas técnicos UTC
PT044,Técnico Profesional en Seguridad y Salud en el Trabajo,Programas técnicos UTC
PT045,Técnico Profesional en programación para video juegos,Programas técnicos UTC
PT046,Técnico profesional en Depuración y Preprocesamiento de datos para I.A,Programas técnicos UTC
PT047,Técnico profesional en configuración de servicios para comercio electrónico,Programas técnicos UTC
PT048,Técnicos en Cosmetología y estética integral,Programas técnicos UTC
PT049,Programa no identificado,Programas técnicos UTC
