nombre_en_maestra,cod_entidad,origen_codigo,entidad_catalogo
CE Rural La Palma,17001905,provisional: sin código DANE identificado,CE Rural La Palma
IE Adolfo Hoyos Ocampo,117001006104,"ICFES, cruce por nombre",IE Adolfo Hoyos Ocampo
IE Andres Bello,117001001609,"ICFES, cruce por nombre",IE Andres Bello
IE Aranjuez,117001006287,"ICFES, cruce por nombre",IE Aranjuez
IE Atanasio Girardot,117001000653,"ICFES, cruce por nombre",IE Atanasio Girardot
IE Bosques del Norte,117001005990,"ICFES, cruce por nombre",IE Bosques del Norte
IE Chipre,117001000157,"ICFES, cruce por nombre",IE Instituto Chipre
IE Colegio Perpetuo Socorro,117001002087,"ICFES, cruce por nombre",IE Colegio Perpetuo Socorro
IE Colegio de Cristo,317001000075,"ICFES, cruce por nombre",IE Colegio de Cristo
IE Divina Providencia,117001001161,"ICFES, cruce por nombre",IE Divina Providencia
IE Escuela Nacional Auxiliar de Enfermeria,117001003822,"ICFES, cruce por nombre",IE Escuela Nacional Auxiliar de Enfermeria
IE Estambul,117001004934,"ICFES, cruce por nombre",IE Estambul
IE Eugenio Pacelli,117001000602,"ICFES, cruce por nombre",IE Eugenio Pacelli
IE Fe y Alegria La Paz,117001005981,"ICFES, cruce por nombre",IE Fe y Alegria La Paz
IE Francisco Jose de Caldas,117001006155,"ICFES, cruce por nombre",IE Francisco Jose de Caldas
IE Gran Colombia,117001000572,"ICFES, cruce por nombre",IE Gran Colombia
IE INSTITUTO CHIPRE,117001000157,"ICFES, cruce por nombre",IE Instituto Chipre
IE INSTITUTO PABLO VI,117001005965,"ICFES, cruce por nombre",IE Pablo VI
IE Inem Baldomero Sanin Cano,117001002346,"ICFES, cruce por nombre",IE Inem Baldomero Sanin Cano
IE Instituto Latinoamericano,117001000611,"ICFES, cruce por nombre",IE Instituto Latinoamericano
IE Instituto Manizales,117001001919,"ICFES, cruce por nombre",IE Instituto Manizales
IE Instituto Universitario de Caldas,117001001536,"ICFES, cruce por nombre",IE Instituto Universitario de Caldas
IE JUAN PABLO II,217001001484,"ICFES, cruce por nombre",IE Rural Juan Pablo II
IE LICEO LEON DE GREIFF,117001002257,"ICFES, cruce por nombre",IE León de Greiff
IE La Asunción,117001002737,"ICFES, cruce por nombre",IE La Asunción
IE La Linda,117001006112,"ICFES, cruce por nombre",IE La Linda
IE La Sultana,117001006180,"ICFES, cruce por nombre",IE La Sultana
IE Leon de Greiff,117001002257,"ICFES, cruce por nombre",IE León de Greiff
IE Leonardo Da Vinci,117001000998,"ICFES, cruce por nombre",IE Leonardo Da Vinci
IE Liceo Isabel La Catolica,117001001765,"ICFES, cruce por nombre",IE Liceo Isabel La Catolica
IE Liceo Mixto Sinai,117001005256,"ICFES, cruce por nombre",IE Liceo Mixto Sinai
IE Malabar,117001002567,"ICFES, cruce por nombre",IE Malabar
IE Malteria,117001002729,"ICFES, cruce por nombre",IE Malteria
IE Marco Fidel Suarez,117001006902,"ICFES, cruce por nombre",IE Marco Fidel Suarez
IE Mariscal Sucre,117001002303,"ICFES, cruce por nombre",IE Mariscal Sucre
IE Normal Superior de Caldas,117001001544,"ICFES, cruce por nombre",IE Normal Superior de Caldas
IE Normal Superior de Manizales,117001000165,"ICFES, cruce por nombre",IE Normal Superior de Manizales
IE Nuestra Señora de Fatima,117001004373,"ICFES, cruce por nombre",IE Nuestra Señora de Fatima
IE Pablo VI,117001005965,"ICFES, cruce por nombre",IE Pablo VI
IE RAFAEL POMBO,217001000364,"ICFES, cruce por nombre",IE Rural Rafael Pombo
IE Rural Giovanni Montini,217001002936,"ICFES, cruce por nombre",IE Rural Giovanni Montini
IE Rural Granada,217001001557,"ICFES, cruce por nombre",IE Rural Granada
IE Rural Jose Antonio Galan,217001006133,"ICFES, cruce por nombre",IE Rural Jose Antonio Galan
IE Rural La Cabaña,217001001581,"ICFES, cruce por nombre",IE Rural La Cabaña
IE Rural La Trinidad,217001000275,"ICFES, cruce por nombre",IE Rural La Trinidad
IE Rural La Violeta,217001002065,"ICFES, cruce por nombre",IE Rural La Violeta
IE Rural Maria Goretti,217001001085,"ICFES, cruce por nombre",IE Rural Maria Goretti
IE Rural Miguel Antonio Caro,217001001182,"ICFES, cruce por nombre",IE Rural Miguel Antonio Caro
IE Rural San Peregrino,217001006125,"ICFES, cruce por nombre",IE Rural San Peregrino
IE Rural Serafico San Antonio de Padua,217001000526,"ICFES, cruce por nombre",IE Rural Serafico San Antonio de Padua
IE San Jorge,117001001251,"ICFES, cruce por nombre",IE San Jorge
IE San Juan Bautista de la Salle,117001004438,"ICFES, cruce por nombre",IE San Juan Bautista de la Salle
IE San Pio X,117001002176,"ICFES, cruce por nombre",IE San Pio X
IE San Sebastian,117001800111,"ICFES, cruce por nombre",IE San Sebastian
IE Santo Domingo Savio,117001005132,"ICFES, cruce por nombre",IE Santo Domingo Savio
IE Siete de Agosto,117001000033,"ICFES, cruce por nombre",IE Siete de Agosto
IE Villa del Pilar,117001005841,"ICFES, cruce por nombre",IE Villa del Pilar
