cod_entidad,entidad,tipo,cod_oficial,latitud,longitud
17001901,"Colegios Escuela Activa Urbana, Manizales",agrupación,,,
17001902,"Colegios sin Escuela Activa Urbana, Manizales",agrupación,,,
17001903,"Otros colegios o no identificados, Manizales",agrupación,,,
17001904,"Institución oferente no identificada, Manizales",agrupación,,,
17001905,CE Rural La Palma,colegio,,,
117001000033,IE Siete de Agosto,colegio,117001000033,,
117001000157,IE Instituto Chipre,colegio,117001000157,,
117001000165,IE Normal Superior de Manizales,colegio,117001000165,,
117001000572,IE Gran Colombia,colegio,117001000572,,
117001000602,IE Eugenio Pacelli,colegio,117001000602,,
117001000611,IE Instituto Latinoamericano,colegio,117001000611,,
117001000653,IE Atanasio Girardot,colegio,117001000653,,
117001000998,IE Leonardo Da Vinci,colegio,117001000998,,
117001001161,IE Divina Providencia,colegio,117001001161,,
117001001251,IE San Jorge,colegio,117001001251,,
117001001536,IE Instituto Universitario de Caldas,colegio,117001001536,,
117001001544,IE Normal Superior de Caldas,colegio,117001001544,,
117001001609,IE Andres Bello,colegio,117001001609,,
117001001765,IE Liceo Isabel La Catolica,colegio,117001001765,,
117001001919,IE Instituto Manizales,colegio,117001001919,,
117001002087,IE Colegio Perpetuo Socorro,colegio,117001002087,,
117001002176,IE San Pio X,colegio,117001002176,,
117001002257,IE León de Greiff,colegio,117001002257,,
117001002303,IE Mariscal Sucre,colegio,117001002303,,
117001002346,IE Inem Baldomero Sanin Cano,colegio,117001002346,,
117001002567,IE Malabar,colegio,117001002567,,
117001002729,IE Malteria,colegio,117001002729,,
117001002737,IE La Asunción,colegio,117001002737,,
117001003822,IE Escuela Nacional Auxiliar de Enfermeria,colegio,117001003822,,
117001004373,IE Nuestra Señora de Fatima,colegio,117001004373,,
117001004438,IE San Juan Bautista de la Salle,colegio,117001004438,,
117001004934,IE Estambul,colegio,117001004934,,
117001005132,IE Santo Domingo Savio,colegio,117001005132,,
117001005256,IE Liceo Mixto Sinai,colegio,117001005256,,
117001005841,IE Villa del Pilar,colegio,117001005841,,
117001005965,IE Pablo VI,colegio,117001005965,,
117001005981,IE Fe y Alegria La Paz,colegio,117001005981,,
117001005990,IE Bosques del Norte,colegio,117001005990,,
117001006104,IE Adolfo Hoyos Ocampo,colegio,117001006104,,
117001006112,IE La Linda,colegio,117001006112,,
117001006155,IE Francisco Jose de Caldas,colegio,117001006155,,
117001006180,IE La Sultana,colegio,117001006180,,
117001006287,IE Aranjuez,colegio,117001006287,,
117001006902,IE Marco Fidel Suarez,colegio,117001006902,,
117001800111,IE San Sebastian,colegio,117001800111,,
217001000275,IE Rural La Trinidad,colegio,217001000275,,
217001000364,IE Rural Rafael Pombo,colegio,217001000364,,
217001000526,IE Rural Serafico San Antonio de Padua,colegio,217001000526,,
217001001085,IE Rural Maria Goretti,colegio,217001001085,,
217001001182,IE Rural Miguel Antonio Caro,colegio,217001001182,,
217001001484,IE Rural Juan Pablo II,colegio,217001001484,,
217001001557,IE Rural Granada,colegio,217001001557,,
217001001581,IE Rural La Cabaña,colegio,217001001581,,
217001002065,IE Rural La Violeta,colegio,217001002065,,
217001002936,IE Rural Giovanni Montini,colegio,217001002936,,
217001006125,IE Rural San Peregrino,colegio,217001006125,,
217001006133,IE Rural Jose Antonio Galan,colegio,217001006133,,
317001000075,IE Colegio de Cristo,colegio,317001000075,,
317001000121,Colegio Santa Inés,colegio,317001000121,,
317001000318,Instituto Tecnico San Rafael,colegio,317001000318,,
317001001179,Colegio Franciscano Agustin Gemelli,colegio,317001001179,,
317001001209,Colegio Eugenia Ravasco,colegio,317001001209,,
317001001233,Colegio Nuestra Señora de Los Angeles,colegio,317001001233,,
317001001519,Colegio Filipense Nuestra Señora de Lourdes,colegio,317001001519,,
317001001616,Colegio Seminario Menor de Nuestra Señora del Rosario,colegio,317001001616,,
317001001632,Colegio de Nuestra Señora del Rosario,colegio,317001001632,,
317001001861,Liceo Arquidiocesano de Nuestra Señora,colegio,317001001861,,
317001001896,Colegio San Luis Gonzaga,colegio,317001001896,,
317001001934,Colegio Seminario Redentorista San Clemente,colegio,317001001934,,
317001001977,Colegio Mayor de Nuestra Señora del Rosario,colegio,317001001977,,
317001002043,Colegio Nuevo Gimnasio,colegio,317001002043,,
317001003716,Aspaen Gimnasio Los Cerezos,colegio,317001003716,,
317001003961,Colegio San Miguel - Hormiguita,colegio,317001003961,,
317001004178,Academia Militar General Custodio Garcia R.,colegio,317001004178,,
317001005221,Instituto para la Ciencia,colegio,317001005221,,
317001005271,Colegio Americano,colegio,317001005271,,
317001005280,Liceo Integrado Manizales,colegio,317001005280,,
317001005395,Colegio Ateneo Caldas,colegio,317001005395,,
317001005476,Colegio Mundos Posibles,colegio,317001005476,,
317001005514,Colegio Los Libertadores,colegio,317001005514,,
317001005824,Gimnasio San Felipe Neri,colegio,317001005824,,
317001005948,Colegio Cultural Andino,colegio,317001005948,,
317001007002,Instituto de Educación Continua Confamiliares,colegio,317001007002,,
317001007037,Liceo Arquidiocesano de Nuestra Señora Femenino,colegio,317001007037,,
317001007070,Centro Educativo ASED,colegio,317001007070,,
317001007142,Gimnasio Campestre La Consolata,colegio,317001007142,,
317001007207,Colegio Boston,colegio,317001007207,,
317001800004,Colegio Saberes,colegio,317001800004,,
317001800101,CENSA,colegio,317001800101,,
317001800128,Liceo San Marcos,colegio,317001800128,,
317001800136,Colegio Leon de Juda,colegio,317001800136,,
417001007058,Centro Educativo Antares,colegio,417001007058,,
5,Antioquia,departamento,5,6.9228695717,-75.5650615259
8,Atlántico,departamento,8,10.6768850735,-74.9652274828
11,"Bogotá, D. C.",departamento,11,4.3161108264,-74.1810758588
13,Bolívar,departamento,13,8.7453148289,-74.5086767962
15,Boyacá,departamento,15,5.7766072016,-73.1020732412
17,Caldas,departamento,17,5.3420643476,-75.3068806575
18,Caquetá,departamento,18,0.8295935884,-73.9663154649
19,Cauca,departamento,19,2.3968313607,-76.8242333408
20,Cesar,departamento,20,9.5368251059,-73.5178024804
23,Córdoba,departamento,23,8.3585351692,-75.7920065748
25,Cundinamarca,departamento,25,4.8239789157,-74.0977362637
27,Chocó,departamento,27,5.946335069,-76.9357250825
41,Huila,departamento,41,2.5701430286,-75.5843483635
44,La Guajira,departamento,44,11.4769597313,-72.4293859743
47,Magdalena,departamento,47,10.2473834882,-74.2617573288
50,Meta,departamento,50,3.394146666,-72.916040692
52,Nariño,departamento,52,1.571094697,-77.8702044551
54,Norte De Santander,departamento,54,8.0951375098,-72.8818829687
63,Quindío,departamento,63,4.455241567,-75.6896285281
66,Risaralda,departamento,66,5.083344109,-75.8421448224
68,Santander,departamento,68,6.6936339378,-73.4860091527
70,Sucre,departamento,70,9.0649420208,-75.1098181596
73,Tolima,departamento,73,4.03477343,-75.2558240078
76,Valle Del Cauca,departamento,76,3.8588541573,-76.5186951269
81,Arauca,departamento,81,6.5695772145,-70.9673239375
85,Casanare,departamento,85,5.4040643119,-71.601880607
86,Putumayo,departamento,86,0.452259967,-75.8559119498
88,"San Andrés, Providencia y Santa Catalina (Archipiélago)",departamento,88,12.9088683827,-81.5624486225
91,Amazonas,departamento,91,-1.5462276801,-71.5021285781
94,Guainía,departamento,94,2.7278428652,-68.8166127209
95,Guaviare,departamento,95,1.9245078081,-72.1277308605
97,Vaupés,departamento,97,0.6462456102,-70.5614056568
99,Vichada,departamento,99,4.7135571247,-69.4140001101
5001,Medellín,municipio,5001,6.2575880626,-75.6110357592
5002,Abejorral,municipio,5002,5.8037289718,-75.4384744877
5004,Abriaquí,municipio,5004,6.6275693783,-76.0859775608
5021,Alejandría,municipio,5021,6.3655341247,-75.0905970222
5030,Amagá,municipio,5030,6.0329219942,-75.7080030984
5031,Amalfi,municipio,5031,6.9776906812,-74.9812731095
5034,Andes,municipio,5034,5.6239512649,-75.9245967072
5036,Angelópolis,municipio,5036,6.1214303026,-75.7159496627
5038,Angostura,municipio,5038,6.861458592,-75.3583277163
5040,Anorí,municipio,5040,7.19311041,-75.1084896195
5042,Santa Fé de Antioquia,municipio,5042,6.5357077338,-75.9042674739
5044,Anzá,municipio,5044,6.3080402593,-75.9125908711
5045,Apartadó,municipio,5045,7.8961387456,-76.5669482545
5051,Arboletes,municipio,5051,8.6113393691,-76.4147754267
5055,Argelia,municipio,5055,5.7081145245,-75.0946979542
5059,Armenia,municipio,5059,6.1636837578,-75.8099552813
5079,Barbosa,municipio,5079,6.4434229109,-75.3292299617
5086,Belmira,municipio,5086,6.6537743403,-75.6538871655
5088,Bello,municipio,5088,6.3588930664,-75.5898056764
5091,Betania,municipio,5091,5.7270808143,-75.9868912961
5093,Betulia,municipio,5093,6.185783612,-75.9564924626
5101,Ciudad Bolívar,municipio,5101,5.8408448624,-76.0093733957
5107,Briceño,municipio,5107,7.1117884615,-75.5622347377
5113,Buriticá,municipio,5113,6.8090309591,-75.9120632859
5120,Cáceres,municipio,5120,7.665158253,-75.223692492
5125,Caicedo,municipio,5125,6.4234636389,-75.9935149805
5129,Caldas,municipio,5129,6.0544609587,-75.6264104673
5134,Campamento,municipio,5134,7.0354294726,-75.2922495178
5138,Cañasgordas,municipio,5138,6.8149503658,-76.0268963292
5142,Caracolí,municipio,5142,6.3379738801,-74.7335481728
5145,Caramanta,municipio,5145,5.5552654154,-75.6308103399
5147,Carepa,municipio,5147,7.7891672933,-76.6566841368
5148,El Carmen de Viboral,municipio,5148,5.9801651845,-75.268026569
5150,Carolina,municipio,5150,6.7548214421,-75.3059065393
5154,Caucasia,municipio,5154,7.8679498259,-75.0350187804
5172,Chigorodó,municipio,5172,7.631665644,-76.6396421267
5190,Cisneros,municipio,5190,6.5500811485,-75.0825309649
5197,Cocorná,municipio,5197,6.0017615402,-75.1603409337
5206,Concepción,municipio,5206,6.3761061869,-75.2178590137
5209,Concordia,municipio,5209,6.0574686784,-75.9001467835
5212,Copacabana,municipio,5212,6.351831227,-75.5007757747
5234,Dabeiba,municipio,5234,6.9922460873,-76.3142657551
5237,Donmatías,municipio,5237,6.5071417506,-75.3637671596
5240,Ebéjico,municipio,5240,6.326455153,-75.7833109905
5250,El Bagre,municipio,5250,7.7046336196,-74.6642769863
5264,Entrerríos,municipio,5264,6.5946137773,-75.5591324162
5266,Envigado,municipio,5266,6.1540044935,-75.54650013
5282,Fredonia,municipio,5282,5.8869865877,-75.6783096334
5284,Frontino,municipio,5284,6.6913647733,-76.3319965604
5306,Giraldo,municipio,5306,6.6630847151,-75.9480768855
5308,Girardota,municipio,5308,6.3797535596,-75.4479416345
5310,Gómez Plata,municipio,5310,6.7095628392,-75.192702912
5313,Granada,municipio,5313,6.123380721,-75.1276364628
5315,Guadalupe,municipio,5315,6.8615756426,-75.2259138656
5318,Guarne,municipio,5318,6.2666189096,-75.4373168803
5321,Guatapé,municipio,5321,6.2457756095,-75.1585189236
5347,Heliconia,municipio,5347,6.214525618,-75.7497220961
5353,Hispania,municipio,5353,5.7950631141,-75.9065101601
5360,Itagüí,municipio,5360,6.1792794383,-75.6142036986
5361,Ituango,municipio,5361,7.3029462592,-75.8503510567
5364,Jardín,municipio,5364,5.5744554071,-75.8184336681
5368,Jericó,municipio,5368,5.769820536,-75.7648825559
5376,La Ceja,municipio,5376,5.9925248409,-75.4308693513
5380,La Estrella,municipio,5380,6.1376065516,-75.6488679948
5390,La Pintada,municipio,5390,5.7465839581000004,-75.60220206
5400,La Unión,municipio,5400,5.9404346811,-75.3542902282
5411,Liborina,municipio,5411,6.7239909347,-75.7830004576
5425,Maceo,municipio,5425,6.5433008923,-74.7237065518
5440,Marinilla,municipio,5440,6.1870621881,-75.3047219395
5467,Montebello,municipio,5467,5.916858835,-75.5197279658
5475,Murindó,municipio,5475,6.8287738758,-76.7086135065
5480,Mutatá,municipio,5480,7.3295622163,-76.4630088619
5483,Nariño,municipio,5483,5.5812753122,-75.1945701855
5490,Necoclí,municipio,5490,8.4937505796,-76.6769738077
5495,Nechí,municipio,5495,7.9904676788,-74.7924214919
5501,Olaya,municipio,5501,6.6114180833,-75.7756709692
5541,Peñol,municipio,5541,6.2323963677,-75.2235090553
5543,Peque,municipio,5543,7.0441800582,-75.8896884342
5576,Pueblorrico,municipio,5576,5.8097018602,-75.8607666663
5579,Puerto Berrío,municipio,5579,6.4819222673,-74.528742084
5585,Puerto Nare,municipio,5585,6.1391753428,-74.6840834711
5591,Puerto Triunfo,municipio,5591,5.9548390196,-74.6862054114
5604,Remedios,municipio,5604,6.9982196002,-74.5569073388
5607,Retiro,municipio,5607,6.0529107702,-75.5156485222
5615,Rionegro,municipio,5615,6.1507856979,-75.410760337
5628,Sabanalarga,municipio,5628,6.9010002859,-75.7922280166
5631,Sabaneta,municipio,5631,6.1382886108,-75.6085761185
5642,Salgar,municipio,5642,5.9705023337,-75.9813725115
5647,San Andrés de Cuerquía,municipio,5647,6.9145636401,-75.6651785528
5649,San Carlos,municipio,5649,6.1938924454,-74.9072052471
5652,San Francisco,municipio,5652,5.8791342106,-74.9766091885
5656,San Jerónimo,municipio,5656,6.438695254,-75.7060609149
5658,San José de la Montaña,municipio,5658,6.8232589125,-75.6777082625
5659,San Juan de Urabá,municipio,5659,8.7071475987,-76.532493337
5660,San Luis,municipio,5660,6.0196863236,-74.9384797398
5664,San Pedro de los milagros,municipio,5664,6.4572516387,-75.5642798117
5665,San Pedro de Urabá,municipio,5665,8.3791559964,-76.3166414335
5667,San Rafael,municipio,5667,6.31074453,-74.9985865162
5670,San Roque,municipio,5670,6.448675158,-74.9318588147
5674,San Vicente Ferrer,municipio,5674,6.3103875219,-75.3274016279
5679,Santa Bárbara,municipio,5679,5.878984956,-75.5833037106
5686,Santa Rosa de Osos,municipio,5686,6.6758281095,-75.438143411
5690,Santo Domingo,municipio,5690,6.48105387,-75.1425920455
5697,El Santuario,municipio,5697,6.1240309071,-75.2523185427
5736,Segovia,municipio,5736,7.2652676932,-74.6212712242
5756,Sonsón,municipio,5756,5.7625069055,-75.0593489839
5761,Sopetrán,municipio,5761,6.5201645516,-75.7458090329
5789,Támesis,municipio,5789,5.6737585708,-75.7097997431
5790,Tarazá,municipio,5790,7.4888814049,-75.401891763
5792,Tarso,municipio,5792,5.8710645569,-75.8287114433
5809,Titiribí,municipio,5809,6.058349971,-75.7996600469
5819,Toledo,municipio,5819,7.0136957462,-75.7103305937
5837,Turbo,municipio,5837,7.9983719996,-76.7238039811
5842,Uramita,municipio,5842,6.913916874,-76.1331855749
5847,Urrao,municipio,5847,6.3353413398,-76.2590648189
5854,Valdivia,municipio,5854,7.2654042131,-75.4009450155
5856,Valparaíso,municipio,5856,5.6519378014,-75.6308341234
5858,Vegachí,municipio,5858,6.8382646703,-74.7545741235
5861,Venecia,municipio,5861,5.9559393,-75.7762011698
5873,Vigía del Fuerte,municipio,5873,6.4533569711,-76.6950578497
5885,Yalí,municipio,5885,6.716872126,-74.7556641842
5887,Yarumal,municipio,5887,6.986575029,-75.458926174
5890,Yolombó,municipio,5890,6.6491574784,-74.9332714501
5893,Yondó,municipio,5893,6.9251581912,-74.1582411297
5895,Zaragoza,municipio,5895,7.4740074987,-74.8584887896
8001,Barranquilla,municipio,8001,10.9815353169,-74.8277298581
8078,Baranoa,municipio,8078,10.7932936587,-74.9221964031
8137,Campo de la Cruz,municipio,8137,10.402620856,-74.8784083209
8141,Candelaria,municipio,8141,10.4890195858,-74.8775653945
8296,Galapa,municipio,8296,10.897741783,-74.8870965394
8372,Juan de Acosta,municipio,8372,10.8230925205,-75.0784240594
8421,Luruaco,municipio,8421,10.6349923324,-75.1538314665
8433,Malambo,municipio,8433,10.8482890104,-74.8061749322
8436,Manatí,municipio,8436,10.4541519892,-74.9847674894
8520,Palmar de Varela,municipio,8520,10.6948105732,-74.7701511322
8549,Piojó,municipio,8549,10.7425180297,-75.1474313809
8558,Polonuevo,municipio,8558,10.7674016739,-74.8541483507
8560,Ponedera,municipio,8560,10.5946510511,-74.7984729079
8573,Puerto Colombia,municipio,8573,11.0046873725,-74.9065003069
8606,Repelón,municipio,8606,10.5069537025,-75.1223107307
8634,Sabanagrande,municipio,8634,10.7989410495,-74.7687969065
8638,Sabanalarga,municipio,8638,10.6225079317,-74.9551048383
8675,Santa Lucía,municipio,8675,10.3536229171,-74.965363654
8685,Santo Tomás,municipio,8685,10.7440490366,-74.7947932208
8758,Soledad,municipio,8758,10.9069095663,-74.7784249733
8770,Suan,municipio,8770,10.3109101301,-74.9071002679
8832,Tubará,municipio,8832,10.9070603493,-74.9844839299
8849,Usiacurí,municipio,8849,10.7405226569,-74.9826741262
11001,"Bogotá, D.C.",municipio,11001,4.3159890101,-74.1811175241
13001,Cartagena de Indias,municipio,13001,10.4492726699,-75.4697548028
13006,Achí,municipio,13006,8.6229467647,-74.4780627952
13030,Altos del Rosario,municipio,13030,8.7574785309,-74.1951568716
13042,Arenal,municipio,13042,8.3409991794,-74.1069757406
13052,Arjona,municipio,13052,10.164456097,-75.3713928305
13062,Arroyohondo,municipio,13062,10.2417176031,-75.0269048177
13074,Barranco de Loba,municipio,13074,8.8361905348,-74.1627183132
13140,Calamar,municipio,13140,10.2188571243,-75.0011806534
13160,Cantagallo,municipio,13160,7.2392315121,-74.1001405845
13188,Cicuco,municipio,13188,9.2352694178,-74.6884086499
13212,Córdoba,municipio,13212,9.540043322,-74.8944587652
13222,Clemencia,municipio,13222,10.556638154,-75.3144915471
13244,El Carmen de Bolívar,municipio,13244,9.6998198764,-75.1579357256
13248,El Guamo,municipio,13248,10.0348379105,-74.9280963653
13268,El Peñón,municipio,13268,8.8648188522,-73.9123012203
13300,Hatillo de Loba,municipio,13300,8.9838339485,-74.1470539957
13430,Magangué,municipio,13430,9.1694986848,-74.7472805064
13433,Mahates,municipio,13433,10.1779514101,-75.1798598757
13440,Margarita,municipio,13440,9.0545908971,-74.2258296105
13442,María La Baja,municipio,13442,9.9762953116,-75.343669152
13458,Montecristo,municipio,13458,8.0171002399,-74.4634291122
13468,Mompós,municipio,13468,9.1425116497,-74.5451991697
13473,Morales,municipio,13473,8.2537124887,-73.9713317065
13490,Norosí,municipio,13490,8.5061342986,-74.1158896086
13549,Pinillos,municipio,13549,8.8715860131,-74.3858674017
13580,Regidor,municipio,13580,8.722018148,-73.8511788103
13600,Río Viejo,municipio,13600,8.4930241558,-73.9970413229
13620,San Cristóbal,municipio,13620,10.3697117631,-75.07330996
13647,San Estanislao,municipio,13647,10.3646713871,-75.2051953766
13650,San Fernando,municipio,13650,9.09125442,-74.3587035073
13654,San Jacinto,municipio,13654,9.8353620108,-75.1060920094
13655,San Jacinto del Cauca,municipio,13655,8.2375102885,-74.6683999763
13657,San Juan Nepomuceno,municipio,13657,9.9679584754,-75.0657247939
13667,San Martín de Loba,municipio,13667,8.7876846934,-74.0103339188
13670,San Pablo,municipio,13670,7.4223675923,-74.1356644269
13673,Santa Catalina,municipio,13673,10.6407348093,-75.2663908761
13683,Santa Rosa,municipio,13683,10.4692079303,-75.3611607663
13688,Santa Rosa del Sur,municipio,13688,7.7725187753,-74.2627282077
13744,Simití,municipio,13744,7.8513145893,-73.9837166432
13760,Soplaviento,municipio,13760,10.3320776956,-75.1169949756
13780,Talaigua Nuevo,municipio,13780,9.3134462039,-74.6401020746
13810,Tiquisio,municipio,13810,8.4923466584,-74.2967653345
13836,Turbaco,municipio,13836,10.3529360096,-75.3797149427
13838,Turbaná,municipio,13838,10.2160496991,-75.4703777151
13873,Villanueva,municipio,13873,10.4445047098,-75.2696542507
13894,Zambrano,municipio,13894,9.7451469332,-74.8806642687
15001,Tunja,municipio,15001,5.5184709549,-73.3780195478
15022,Almeida,municipio,15022,4.9548250811,-73.3881342448
15047,Aquitania,municipio,15047,5.4374383223,-72.8714924436
15051,Arcabuco,municipio,15051,5.7495652921,-73.4388796625
15087,Belén,municipio,15087,6.0050542196,-72.8936936188
15090,Berbeo,municipio,15090,5.2320584499,-73.1011739781
15092,Betéitiva,municipio,15092,5.9208538043,-72.8485738442
15097,Boavita,municipio,15097,6.3375156256,-72.6202123895
15104,Boyacá,municipio,15104,5.4398562162,-73.3813699383
15106,Briceño,municipio,15106,5.6755099764,-73.909326815
15109,Buenavista,municipio,15109,5.489399419,-73.9506625456
15114,Busbanzá,municipio,15114,5.8434837309,-72.8757462297
15131,Caldas,municipio,15131,5.5759906686,-73.8805750774
15135,Campohermoso,municipio,15135,5.006862536,-73.1446703022
15162,Cerinza,municipio,15162,5.9620136984,-72.9644728839
15172,Chinavita,municipio,15172,5.2029716387,-73.3404807358
15176,Chiquinquirá,municipio,15176,5.6224880247,-73.8042453115
15180,Chiscas,municipio,15180,6.6891180598,-72.4179567478
15183,Chita,municipio,15183,6.091468485,-72.4390317378
15185,Chitaraque,municipio,15185,5.9843946255,-73.4258237508
15187,Chivatá,municipio,15187,5.563881086,-73.2633158319
15189,Ciénega,municipio,15189,5.3930596332,-73.2820577162
15204,Cómbita,municipio,15204,5.6829408233,-73.3280381516
15212,Coper,municipio,15212,5.4429834472,-74.0278295593
15215,Corrales,municipio,15215,5.8245458196,-72.845448448
15218,Covarachía,municipio,15218,6.5195214764,-72.7402042088
15223,Cubará,municipio,15223,6.8844349987,-72.1823804223
15224,Cucaita,municipio,15224,5.5271041095,-73.4459864589
15226,Cuítiva,municipio,15226,5.5877501599,-72.9395434425
15232,Chíquiza,municipio,15232,5.6430756481,-73.4456239041
15236,Chivor,municipio,15236,4.8711816055,-73.361423792
15238,Duitama,municipio,15238,5.8906025174,-73.0670949122
15244,El Cocuy,municipio,15244,6.3533631771,-72.4192375188
15248,El Espino,municipio,15248,6.5082405558,-72.4804962472
15272,Firavitoba,municipio,15272,5.6736778161,-73.019831471
15276,Floresta,municipio,15276,5.8589945125,-72.9249971832
15293,Gachantivá,municipio,15293,5.7441059749,-73.5426551963
15296,Gámeza,municipio,15296,5.8033313431,-72.735502436
15299,Garagoa,municipio,15299,5.0894666507,-73.3143027225
15317,Guacamayas,municipio,15317,6.4454385465,-72.5163533226
15322,Guateque,municipio,15322,5.0145086958,-73.4881290499
15325,Guayatá,municipio,15325,4.9314243413,-73.4966337236
15332,Güicán de la Sierra,municipio,15332,6.566991765,-72.2559933354
15362,Iza,municipio,15362,5.6173660161,-72.9698650444
15367,Jenesano,municipio,15367,5.3771517522,-73.3769496753
15368,Jericó,municipio,15368,6.1454399271,-72.5857769981
15377,Labranzagrande,municipio,15377,5.541378132,-72.5903846009
15380,La Capilla,municipio,15380,5.1131671018,-73.4592370767
15401,La Victoria,municipio,15401,5.5167242232,-74.2287317959
15403,La Uvita,municipio,15403,6.2651261907,-72.5555108484
15407,Villa de Leyva,municipio,15407,5.6657624242,-73.5149480027
15425,Macanal,municipio,15425,4.9801764952,-73.2941369461
15442,Maripí,municipio,15442,5.5698106335,-74.020031272
15455,Miraflores,municipio,15455,5.1509532973,-73.1789672171
15464,Mongua,municipio,15464,5.7096416059,-72.6916895568
15466,Monguí,municipio,15466,5.6973667648,-72.8330104721
15469,Moniquirá,municipio,15469,5.8633555557,-73.5585126527
15476,Motavita,municipio,15476,5.6061918334,-73.3773424784
15480,Muzo,municipio,15480,5.5253462217,-74.1165767904
15491,Nobsa,municipio,15491,5.7787241641,-72.9326861585
15494,Nuevo Colón,municipio,15494,5.3547014846,-73.4487342407
15500,Oicatá,municipio,15500,5.6107878429,-73.2799190575
15507,Otanche,municipio,15507,5.7537877866,-74.197194226
15511,Pachavita,municipio,15511,5.1483238767,-73.3995121923
15514,Páez,municipio,15514,5.0952110349,-73.0043586264
15516,Paipa,municipio,15516,5.8267715385,-73.1379524988
15518,Pajarito,municipio,15518,5.3823289487,-72.6967267419
15522,Panqueba,municipio,15522,6.443299758,-72.4618243118
15531,Pauna,municipio,15531,5.6888015592,-74.0050412147
15533,Paya,municipio,15533,5.6212427424,-72.3692905976
15537,Paz de río,municipio,15537,6.0286977144,-72.7675327028
15542,Pesca,municipio,15542,5.4984833242,-73.0783799304
15550,Pisba,municipio,15550,5.743493793,-72.4457904296
15572,Puerto Boyacá,municipio,15572,5.953466654,-74.4528581016
15580,Quípama,municipio,15580,5.5615412001,-74.217934099
15599,Ramiriquí,municipio,15599,5.3199340918,-73.3107789963
15600,Ráquira,municipio,15600,5.4962686208,-73.628944376
15621,Rondón,municipio,15621,5.3799478792,-73.196509947
15632,Saboyá,municipio,15632,5.6999260512,-73.7479946555
15638,Sáchica,municipio,15638,5.5734648823,-73.5431020025
15646,Samacá,municipio,15646,5.4705399703,-73.5211756036
15660,San Eduardo,municipio,15660,5.2346146857,-73.0491406686
15664,San José de Pare,municipio,15664,5.9941540882,-73.5438652236
15667,San Luis de Gaceno,municipio,15667,4.8152721703,-73.1237820824
15673,San Mateo,municipio,15673,6.4068886418,-72.559627592
15676,San Miguel de Sema,municipio,15676,5.532326922,-73.7471589782
15681,San Pablo de Borbur,municipio,15681,5.6773450661,-74.1140374861
15686,Santana,municipio,15686,6.0576149707,-73.4897482824
15690,Santa María,municipio,15690,4.8230025558,-73.253775062
15693,Santa Rosa de Viterbo,municipio,15693,5.8929501805,-72.9917278559
15696,Santa Sofía,municipio,15696,5.7316027157,-73.6036628692
15720,Sativanorte,municipio,15720,6.1321338589,-72.7302674588
15723,Sativasur,municipio,15723,6.0707248857,-72.7154885998
15740,Siachoque,municipio,15740,5.4987477006,-73.2168177783
15753,Soatá,municipio,15753,6.3230880447,-72.696040893
15755,Socotá,municipio,15755,5.9349327524,-72.5591393956
15757,Socha,municipio,15757,5.9605237223,-72.682409473
15759,Sogamoso,municipio,15759,5.6679981329,-72.8865103444
15761,Somondoco,municipio,15761,4.9709740645,-73.4287878519
15762,Sora,municipio,15762,5.5805731916,-73.443718375
15763,Sotaquirá,municipio,15763,5.7852072588,-73.2554514202
15764,Soracá,municipio,15764,5.4948904609,-73.3189999652
15774,Susacón,municipio,15774,6.2152005776,-72.715756341
15776,Sutamarchán,municipio,15776,5.6400307591,-73.6259877272
15778,Sutatenza,municipio,15778,5.0268543216,-73.4335168625
15790,Tasco,municipio,15790,5.8822943134,-72.7262681726
15798,Tenza,municipio,15798,5.0714131386,-73.4247969881
15804,Tibaná,municipio,15804,5.3011166487,-73.3932520946
15806,Tibasosa,municipio,15806,5.7473280871,-73.0111435617
15808,Tinjacá,municipio,15808,5.577566497,-73.6761457207
15810,Tipacoque,municipio,15810,6.4203534897,-72.6946358336
15814,Toca,municipio,15814,5.5802542868,-73.1606969019
15816,Togüí,municipio,15816,5.9218300621,-73.4892180551
15820,Tópaga,municipio,15820,5.7653503041,-72.8367295744
15822,Tota,municipio,15822,5.4891949069,-73.0053446015
15832,Tununguá,municipio,15832,5.7203015162,-73.9433092646
15835,Turmequé,municipio,15835,5.3056974183,-73.5090871377
15837,Tuta,municipio,15837,5.6721895485,-73.1830304478
15839,Tutazá,municipio,15839,6.0780519077,-72.8570783208
15842,Úmbita,municipio,15842,5.2172413684,-73.4633847678
15861,Ventaquemada,municipio,15861,5.3833854812,-73.5209794236
15879,Viracachá,municipio,15879,5.440558216,-73.2662745561
15897,Zetaquira,municipio,15897,5.2856359828,-73.1676309121
17001,Manizales,municipio,17001,5.083433393,-75.5072796616
17013,Aguadas,municipio,17013,5.5967753751,-75.4503581963
17042,Anserma,municipio,17042,5.200294397,-75.7528893608
17050,Aranzazu,municipio,17050,5.2655399689,-75.4739261945
17088,Belalcázar,municipio,17088,4.9946595519,-75.8122766616
17174,Chinchiná,municipio,17174,4.9871171516,-75.6671265288
17272,Filadelfia,municipio,17272,5.285743777,-75.589787839
17380,La Dorada,municipio,17380,5.5405265769,-74.7122957459
17388,La Merced,municipio,17388,5.3931847416,-75.5579136359
17433,Manzanares,municipio,17433,5.2329539099,-75.1526344721
17442,Marmato,municipio,17442,5.4924934308,-75.6022394692
17444,Marquetalia,municipio,17444,5.3091424913,-75.0411789225
17446,Marulanda,municipio,17446,5.2353827864,-75.2831701251
17486,Neira,municipio,17486,5.1833555631,-75.5069251483
17495,Norcasia,municipio,17495,5.6380623494,-74.854927072
17513,Pácora,municipio,17513,5.5000261374,-75.4825095432
17524,Palestina,municipio,17524,5.0503501762,-75.6617683846
17541,Pensilvania,municipio,17541,5.407103145,-75.1669959656
17614,Riosucio,municipio,17614,5.4422753712,-75.7522050361
17616,Risaralda,municipio,17616,5.1121812196,-75.7588425463
17653,Salamina,municipio,17653,5.3703312081,-75.4096169191
17662,Samaná,municipio,17662,5.5402858001,-74.9936848583
17665,San José,municipio,17665,5.0707041313,-75.813514981
17777,Supía,municipio,17777,5.4529547243,-75.6403975706
17867,Victoria,municipio,17867,5.4475428589,-74.8362250166
17873,Villamaría,municipio,17873,4.9402140111,-75.4354416106
17877,Viterbo,municipio,17877,5.0478100954,-75.8793068465
18001,Florencia,municipio,18001,1.7491393032,-75.5582392785
18029,Albania,municipio,18029,1.2275511903,-75.8821212231
18094,Belén de los Andaquíes,municipio,18094,1.5009228649,-75.8756453877
18150,Cartagena del Chairá,municipio,18150,0.6476930812,-74.2723549908
18205,Curillo,municipio,18205,1.0583550913,-75.9523657796
18247,El Doncello,municipio,18247,1.7913859034,-75.1939441549
18256,El Paujíl,municipio,18256,1.6177463563,-75.2340433342
18410,La Montañita,municipio,18410,1.3028612146,-75.2357281982
18460,Milán,municipio,18460,1.1466925075,-75.3866476043
18479,Morelia,municipio,18479,1.3829961097,-75.6738112336
18592,Puerto Rico,municipio,18592,2.0189408913,-75.0730862673
18610,San José del Fragua,municipio,18610,1.3043629276,-76.1091801128
18753,San Vicente del Caguán,municipio,18753,1.6064617738,-74.2534286766
18756,Solano,municipio,18756,0.2112808411,-73.1238678856
18785,Solita,municipio,18785,0.9092654569,-75.6384004547
18860,Valparaíso,municipio,18860,1.0612922065,-75.6270476674
19001,Popayán,municipio,19001,2.4717030737,-76.5919476395
19022,Almaguer,municipio,19022,1.9124405208,-76.8349451942
19050,Argelia,municipio,19050,2.3293372829,-77.2631490603
19075,Balboa,municipio,19075,2.0847329448,-77.2088133019
19100,Bolívar,municipio,19100,1.8539519381,-76.9633745378
19110,Buenos Aires,municipio,19110,3.0459026579,-76.6790129643
19130,Cajibío,municipio,19130,2.6432103292,-76.701388871
19137,Caldono,municipio,19137,2.8103282399,-76.4645161155
19142,Caloto,municipio,19142,3.0451484458,-76.3664459063
19212,Corinto,municipio,19212,3.1367520552,-76.2096460418
19256,El Tambo,municipio,19256,2.5344886206,-77.0051120659
19290,Florencia,municipio,19290,1.6945347404,-77.087357234
19300,Guachené,municipio,19300,3.1446729566,-76.3917416266
19318,Guapí,municipio,19318,2.4132669602,-77.6904753052
19355,Inzá,municipio,19355,2.4990587831,-76.1376253119
19364,Jambaló,municipio,19364,2.8498019964,-76.3112491778
19392,La Sierra,municipio,19392,2.1874735721,-76.7822803199
19397,La Vega,municipio,19397,2.0539334259,-76.7588062039
19418,López de Micay,municipio,19418,3.0015420741,-77.2184141153
19450,Mercaderes,municipio,19450,1.793825164,-77.1806038119
19455,Miranda,municipio,19455,3.2282350619,-76.2167091392
19473,Morales,municipio,19473,2.8147659299,-76.7509633589
19513,Padilla,municipio,19513,3.1947306178,-76.3362418027
19517,Páez,municipio,19517,2.7338877017,-75.9936826376
19532,Patía,municipio,19532,2.1481656004,-77.0579268956
19533,Piamonte,municipio,19533,1.1523234281,-76.3054723285
19548,Piendamó - Tunía,municipio,19548,2.7144573009,-76.5647191657
19573,Puerto Tejada,municipio,19573,3.2667011875,-76.4184626387
19585,Puracé,municipio,19585,2.2817759741,-76.3711563587
19622,Rosas,municipio,19622,2.2508767652,-76.7529275695
19693,San Sebastián,municipio,19693,1.8562618152,-76.7165242362
19698,Santander de Quilichao,municipio,19698,2.9844642861,-76.4987405443
19701,Santa Rosa,municipio,19701,1.5200217896,-76.5387628061
19743,Silvia,municipio,19743,2.6512918938,-76.3505735627
19760,Sotara,municipio,19760,2.2318172177,-76.611458716
19780,Suárez,municipio,19780,2.9368659966,-76.745824296
19785,Sucre,municipio,19785,2.0577351842,-76.9099396475
19807,Timbío,municipio,19807,2.3696018991,-76.710519798
19809,Timbiquí,municipio,19809,2.6994751269,-77.4913157651
19821,Toribío,municipio,19821,2.9757708418,-76.2033184205
19824,Totoró,municipio,19824,2.504500981,-76.3904784178
19845,Villa Rica,municipio,19845,3.1805966057,-76.4644841324
20001,Valledupar,municipio,20001,10.3823252241,-73.4631454007
20011,Aguachica,municipio,20011,8.2487334457,-73.6227401939
20013,Agustín Codazzi,municipio,20013,9.9492159078,-73.2235824408
20032,Astrea,municipio,20032,9.5107279246,-73.9421464108
20045,Becerril,municipio,20045,9.727732939,-73.2525052224
20060,Bosconia,municipio,20060,9.9462803069,-73.8662667139
20175,Chimichagua,municipio,20175,9.2187818645,-73.7526712425
20178,Chiriguaná,municipio,20178,9.4266483535,-73.547978944
20228,Curumaní,municipio,20228,9.2387699178,-73.4881061174
20238,El Copey,municipio,20238,10.1999535633,-73.912820636
20250,El Paso,municipio,20250,9.6817286351,-73.6934330018
20295,Gamarra,municipio,20295,8.337726948,-73.7064918835
20310,González,municipio,20310,8.4059477603,-73.3754041963
20383,La Gloria,municipio,20383,8.6213321147,-73.633093759
20400,La Jagua de Ibirico,municipio,20400,9.5513404656,-73.320683993
20443,Manaure Balcón del Cesar,municipio,20443,10.3909550729,-72.9916853944
20517,Pailitas,municipio,20517,8.9389144181,-73.5724559057
20550,Pelaya,municipio,20550,8.7641186777,-73.6329564305
20570,Pueblo Bello,municipio,20570,10.4669619272,-73.5885513642
20614,Río de Oro,municipio,20614,8.2003011429,-73.4913596277
20621,La Paz,municipio,20621,10.1642465262,-73.190754961
20710,San Alberto,municipio,20710,7.8143905743,-73.4537197318
20750,San Diego,municipio,20750,10.1695271208,-73.2879827025
20770,San Martín,municipio,20770,7.9377884543,-73.5443631214
20787,Tamalameque,municipio,20787,8.9020834293,-73.7633867831
23001,Montería,municipio,23001,8.5846857396,-75.9505305078
23068,Ayapel,municipio,23068,8.2657686881,-75.0486843569
23079,Buenavista,municipio,23079,8.1913979529,-75.433825319
23090,Canalete,municipio,23090,8.7240954752,-76.2377910312
23162,Cereté,municipio,23162,8.891015,-75.8345770594
23168,Chimá,municipio,23168,9.1102547356,-75.6523799868
23182,Chinú,municipio,23182,9.0274986463,-75.3566876545
23189,Ciénaga de Oro,municipio,23189,8.8418118882,-75.6077982909
23300,Cotorra,municipio,23300,9.0569936147,-75.7788788373
23350,La Apartada,municipio,23350,8.0522184216,-75.28816022
23417,Lorica,municipio,23417,9.1650285721,-75.9097771405
23419,Los Córdobas,municipio,23419,8.8390370428,-76.294926484
23464,Momil,municipio,23464,9.2654616213,-75.6509087621
23466,Montelíbano,municipio,23466,7.886322327,-75.7606853391
23500,Moñitos,municipio,23500,9.190534001,-76.1192630486
23555,Planeta Rica,municipio,23555,8.2902945592,-75.6123600605
23570,Pueblo Nuevo,municipio,23570,8.4813395577,-75.4051615356
23574,Puerto Escondido,municipio,23574,8.9886699612,-76.1940731442
23580,Puerto Libertador,municipio,23580,7.7115475851,-75.7712215062
23586,Purísima de la Concepción,municipio,23586,9.2823863658,-75.721293856
23660,Sahagún,municipio,23660,8.7990092937,-75.4292564908
23670,San Andrés de Sotavento,municipio,23670,9.1212981636,-75.5209360587
23672,San Antero,municipio,23672,9.3596610133,-75.7870154344
23675,San Bernardo del Viento,municipio,23675,9.3300034423,-75.9762369913
23678,San Carlos,municipio,23678,8.7064244191,-75.6925044093
23682,San José de Uré,municipio,23682,7.7530543927,-75.5672473991
23686,San Pelayo,municipio,23686,8.9877835268,-75.9095626782
23807,Tierralta,municipio,23807,7.8138908497,-76.1684667231
23815,Tuchín,municipio,23815,9.224638806,-75.5441034848
23855,Valencia,municipio,23855,8.219895821,-76.2213236478
25001,Agua de Dios,municipio,25001,4.37275159,-74.6712699328
25019,Albán,municipio,25019,4.8911216375,-74.4427843166
25035,Anapoima,municipio,25035,4.5599628809,-74.5256952984
25040,Anolaima,municipio,25040,4.7893135774,-74.4619421843
25053,Arbeláez,municipio,25053,4.2327871253,-74.3957621994
25086,Beltrán,municipio,25086,4.7196864806,-74.7563184052
25095,Bituima,municipio,25095,4.8478203178,-74.5286274481
25099,Bojacá,municipio,25099,4.6916684284,-74.3289880826
25120,Cabrera,municipio,25120,3.9186192399,-74.4461560598
25123,Cachipay,municipio,25123,4.7230633415,-74.4591952826
25126,Cajicá,municipio,25126,4.9307043558,-74.0297319135
25148,Caparrapí,municipio,25148,5.3815013994,-74.5212359471
25151,Cáqueza,municipio,25151,4.4022594566,-73.9448243505
25154,Carmen de Carupa,municipio,25154,5.3388565565,-73.9261481722
25168,Chaguaní,municipio,25168,4.9542517501,-74.6309013849
25175,Chía,municipio,25175,4.8656252732,-74.0369625611
25178,Chipaque,municipio,25178,4.4257789257,-74.0594697996
25181,Choachí,municipio,25181,4.5829651968,-73.9128772287
25183,Chocontá,municipio,25183,5.1184503065,-73.6806736091
25200,Cogua,municipio,25200,5.1031232962,-73.9753766988
25214,Cota,municipio,25214,4.7883083055,-74.1233745322
25224,Cucunubá,municipio,25224,5.2303081049,-73.7800188487
25245,El Colegio,municipio,25245,4.5569468421,-74.4265849393
25258,El Peñón,municipio,25258,5.2617282436,-74.3083056392
25260,El Rosal,municipio,25260,4.879714087,-74.2380326389
25269,Facatativá,municipio,25269,4.8340497093,-74.3380339484
25279,Fómeque,municipio,25279,4.5285684624,-73.7970526662
25281,Fosca,municipio,25281,4.3162800722,-73.9528678377
25286,Funza,municipio,25286,4.7439969341,-74.1986598994
25288,Fúquene,municipio,25288,5.4162889022,-73.770598289
25290,Fusagasugá,municipio,25290,4.3235329409,-74.3885942638
25293,Gachalá,municipio,25293,4.6549551297,-73.5105538141
25295,Gachancipá,municipio,25295,5.0100365032,-73.8768072582
25297,Gachetá,municipio,25297,4.8675511352,-73.6177328744
25299,Gama,municipio,25299,4.7235734645,-73.6005444145
25307,Girardot,municipio,25307,4.3381541512,-74.8114390498
25312,Granada,municipio,25312,4.5234848842,-74.3372461921
25317,Guachetá,municipio,25317,5.3872915419,-73.6932823413
25320,Guaduas,municipio,25320,5.1735547639,-74.6401465074
25322,Guasca,municipio,25322,4.8012768298,-73.8464348527
25324,Guataquí,municipio,25324,4.5123028481,-74.7818497568
25326,Guatavita,municipio,25326,4.9115842771,-73.7864939493
25328,Guayabal de Síquima,municipio,25328,4.8793957201,-74.4834767924
25335,Guayabetal,municipio,25335,4.2318774532,-73.8354396717
25339,Gutiérrez,municipio,25339,4.1660895626,-74.0246527017
25368,Jerusalén,municipio,25368,4.5713502538,-74.6891585364
25372,Junín,municipio,25372,4.7051707894,-73.6924787324
25377,La Calera,municipio,25377,4.7009186297,-73.9295007637
25386,La Mesa,municipio,25386,4.6507731752,-74.4732171358
25394,La Palma,municipio,25394,5.3334006463,-74.4080786295
25398,La Peña,municipio,25398,5.2046106984,-74.4078640334
25402,La Vega,municipio,25402,4.9786198338,-74.3393606041
25407,Lenguazaque,municipio,25407,5.3036371705,-73.6815322766
25426,Machetá,municipio,25426,5.0403575279,-73.6173746458
25430,Madrid,municipio,25430,4.7726774322,-74.2597685502
25436,Manta,municipio,25436,4.9768811512,-73.5631374061
25438,Medina,municipio,25438,4.4844172523,-73.406009927
25473,Mosquera,municipio,25473,4.6727143873,-74.2357317296
25483,Nariño,municipio,25483,4.4079520147,-74.8056531696
25486,Nemocón,municipio,25486,5.0937107353,-73.88380665
25488,Nilo,municipio,25488,4.2947844869,-74.6146857127
25489,Nimaima,municipio,25489,5.1337444819,-74.3963889577
25491,Nocaima,municipio,25491,5.0661107615,-74.3897547579
25506,Venecia,municipio,25506,4.0633420735,-74.4525979551
25513,Pacho,municipio,25513,5.1683676341,-74.1633654425
25518,Paime,municipio,25518,5.3876473451,-74.163956956
25524,Pandi,municipio,25524,4.1804972676,-74.4711212973
25530,Paratebueno,municipio,25530,4.4523432449,-73.1869857779
25535,Pasca,municipio,25535,4.2937338383,-74.2739697911
25572,Puerto Salgar,municipio,25572,5.6197527478,-74.5801923034
25580,Pulí,municipio,25580,4.6913362534,-74.6807440359
25592,Quebradanegra,municipio,25592,5.0999810298,-74.4945106974
25594,Quetame,municipio,25594,4.3345918037,-73.8526466997
25596,Quipile,municipio,25596,4.7150726425,-74.5541125876
25599,Apulo,municipio,25599,4.5203646536,-74.5784210099
25612,Ricaurte,municipio,25612,4.307319325,-74.7294245998
25645,San Antonio del Tequendama,municipio,25645,4.5997413888,-74.3449037569
25649,San Bernardo,municipio,25649,4.1409594255,-74.3539778057
25653,San Cayetano,municipio,25653,5.3146004233,-74.0723207707
25658,San Francisco,municipio,25658,4.9641007,-74.2721712836
25662,San Juan de Rioseco,municipio,25662,4.8410981819,-74.6584930113
25718,Sasaima,municipio,25718,4.9468052634,-74.4123092121
25736,Sesquilé,municipio,25736,5.0086863527,-73.7809168894
25740,Sibaté,municipio,25740,4.4659700042,-74.263289627
25743,Silvania,municipio,25743,4.4369671405,-74.3705090301
25745,Simijaca,municipio,25745,5.5097731282,-73.8451916437
25754,Soacha,municipio,25754,4.5375993771,-74.2299300032
25758,Sopó,municipio,25758,4.8880522693,-73.9658782881
25769,Subachoque,municipio,25769,4.9703580357,-74.1568992329
25772,Suesca,municipio,25772,5.1359925665,-73.7827027937
25777,Supatá,municipio,25777,5.0616927018,-74.231383274
25779,Susa,municipio,25779,5.4400923584,-73.8239252855
25781,Sutatausa,municipio,25781,5.242909347,-73.8554034279
25785,Tabio,municipio,25785,4.9515199175,-74.0844971387
25793,Tausa,municipio,25793,5.1939960714,-73.9563155785
25797,Tena,municipio,25797,4.6515985802,-74.3918253325
25799,Tenjo,municipio,25799,4.8385394722,-74.1468179636
25805,Tibacuy,municipio,25805,4.3213501996,-74.4866808224
25807,Tibirita,municipio,25807,5.0841026823,-73.5136254569
25815,Tocaima,municipio,25815,4.4520852145,-74.6485995989
25817,Tocancipá,municipio,25817,4.9688529183,-73.9288702222
25823,Topaipí,municipio,25823,5.3556883863,-74.2896399433
25839,Ubalá,municipio,25839,4.7590227763,-73.4082788656
25841,Ubaque,municipio,25841,4.5007541825,-73.9756454469
25843,Villa de San Diego de Ubaté,municipio,25843,5.3160806522,-73.8201056626
25845,Une,municipio,25845,4.3017333395,-74.0680872304
25851,Útica,municipio,25851,5.1927957076,-74.4778000293
25862,Vergara,municipio,25862,5.131267542,-74.3097922865
25867,Vianí,municipio,25867,4.8891631398,-74.5534585381
25871,Villagómez,municipio,25871,5.2706946362,-74.1907437508
25873,Villapinzón,municipio,25873,5.2272987093,-73.5772592094
25875,Villeta,municipio,25875,5.0116704018,-74.4876474552
25878,Viotá,municipio,25878,4.4360540749,-74.485433184
25885,Yacopí,municipio,25885,5.5919101572,-74.3648086528
25898,Zipacón,municipio,25898,4.7543217303,-74.3867344433
25899,Zipaquirá,municipio,25899,5.0461924047,-74.0230796806
27001,Quibdó,municipio,27001,5.9389559646,-76.6636785192
27006,Acandí,municipio,27006,8.434131876,-77.2896612981
27025,Alto Baudó,municipio,27025,5.6367439136,-77.084216147
27050,Atrato,municipio,27050,5.5606458505,-76.606117719
27073,Bagadó,municipio,27073,5.5031197724,-76.1979690651
27075,Bahía Solano,municipio,27075,6.2901557224,-77.3538247486
27077,Bajo Baudó,municipio,27077,5.0118433599,-77.2176701598
27099,Bojayá,municipio,27099,6.4746647909,-77.0993349914
27135,El Cantón del San Pablo,municipio,27135,5.3596619673,-76.7725562445
27150,Carmen del Darién,municipio,27150,7.0454796171,-76.9589394707
27160,Cértegui,municipio,27160,5.3898303385,-76.5226420806
27205,Condoto,municipio,27205,5.0737159875,-76.5275063197
27245,El Carmen de Atrato,municipio,27245,5.8109383642,-76.1918944237
27250,El Litoral del San Juan,municipio,27250,4.2471617978,-76.9626019039
27361,Istmina,municipio,27361,4.7398398995,-76.8691579494
27372,Juradó,municipio,27372,7.1033442337,-77.6797384918
27413,Lloró,municipio,27413,5.5851016412,-76.3854435635
27425,Medio Atrato,municipio,27425,6.0338800962,-76.6734701668
27430,Medio Baudó,municipio,27430,5.1103934182,-76.9959292234
27450,Medio San Juan,municipio,27450,4.8142292885,-76.8036677718
27491,Nóvita,municipio,27491,4.8531758455,-76.6182062211
27493,Nuevo Belén de Bajirá,municipio,27493,7.4529988962,-76.8362279079
27495,Nuquí,municipio,27495,5.6900715701,-77.2929675406
27580,Río Iró,municipio,27580,5.1726725459,-76.4844611864
27600,Río Quito,municipio,27600,5.5675333367,-76.8115708439
27615,Riosucio,municipio,27615,7.3810305316,-77.3421162557
27660,San José del Palmar,municipio,27660,4.9587413452,-76.2800236059
27745,Sipí,municipio,27745,4.5944146873,-76.5416171574
27787,Tadó,municipio,27787,5.2661015798,-76.3310954721
27800,Unguía,municipio,27800,8.1172826357,-77.1037276701
27810,Unión Panamericana,municipio,27810,5.2852781177,-76.6453978134
41001,Neiva,municipio,41001,2.9933611199,-75.2723687258
41006,Acevedo,municipio,41006,1.7121294942,-75.991575615
41013,Agrado,municipio,41013,2.2697504271,-75.7163223694
41016,Aipe,municipio,41016,3.2623751882,-75.3526251372
41020,Algeciras,municipio,41020,2.4978506798,-75.2913494573
41026,Altamira,municipio,41026,2.0792280804,-75.7685828775
41078,Baraya,municipio,41078,3.1354236339,-74.9579779641
41132,Campoalegre,municipio,41132,2.6586666746,-75.3294380256
41206,Colombia,municipio,41206,3.4519879959,-74.6782925851
41244,Elías,municipio,41244,2.0062481817,-75.9509169407
41298,Garzón,municipio,41298,2.1724402093,-75.5713131469
41306,Gigante,municipio,41306,2.3717792438,-75.5169977142
41319,Guadalupe,municipio,41319,1.984394016,-75.6969354885
41349,Hobo,municipio,41349,2.5416541611,-75.4478108308
41357,Íquira,municipio,41357,2.6915177729,-75.6738314059
41359,Isnos,municipio,41359,2.0067843407,-76.2563632528
41378,La Argentina,municipio,41378,2.1814525705,-76.1178184009
41396,La Plata,municipio,41396,2.3280765865,-76.0011729875
41483,Nátaga,municipio,41483,2.5760662855,-75.7869375742
41503,Oporapa,municipio,41503,2.0611913623,-76.0411028904
41518,Paicol,municipio,41518,2.4068982803,-75.7280302571
41524,Palermo,municipio,41524,2.9144919921,-75.440661706
41530,Palestina,municipio,41530,1.6789225354,-76.1469087207
41548,Pital,municipio,41548,2.2596017734,-75.8319516044
41551,Pitalito,municipio,41551,1.8279035829,-76.1191958168
41615,Rivera,municipio,41615,2.7822242344,-75.2355448377
41660,Saladoblanco,municipio,41660,2.1003828492,-76.2289787079
41668,San Agustín,municipio,41668,1.9241654927,-76.4165655035
41676,Santa María,municipio,41676,2.9262659365,-75.6335978546
41770,Suaza,municipio,41770,1.8709920953,-75.8079847064
41791,Tarqui,municipio,41791,2.1302805443,-75.8753484487
41797,Tesalia,municipio,41797,2.5268551323,-75.6825964201
41799,Tello,municipio,41799,3.0306066124,-75.0853612884
41801,Teruel,municipio,41801,2.8241137256,-75.7143529812
41807,Timaná,municipio,41807,1.950715226,-75.9175764866
41872,Villavieja,municipio,41872,3.2870578747,-75.1383829204
41885,Yaguará,municipio,41885,2.6465633389,-75.5159264485
44001,Riohacha,municipio,44001,11.2429719934,-72.9587577577
44035,Albania,municipio,44035,11.2286904852,-72.5320965737
44078,Barrancas,municipio,44078,10.9894109087,-72.6867456052
44090,Dibulla,municipio,44090,11.0903430478,-73.4356703381
44098,Distracción,municipio,44098,10.9250510667,-72.9444402729
44110,El Molino,municipio,44110,10.6366964546,-72.8858430999
44279,Fonseca,municipio,44279,10.8283715998,-72.8018177989
44378,Hatonuevo,municipio,44378,11.0995210324,-72.7324860727
44420,La Jagua del Pilar,municipio,44420,10.4580940996,-73.072091927
44430,Maicao,municipio,44430,11.3815778434,-72.2950087281
44560,Manaure,municipio,44560,11.6055167881,-72.5715533405
44650,San Juan del Cesar,municipio,44650,10.8131796709,-73.086211362
44847,Uribia,municipio,44847,11.9997237931,-71.7489037271
44855,Urumita,municipio,44855,10.4947021011,-72.986239906
44874,Villanueva,municipio,44874,10.5836475543,-72.9752028623
47001,Santa Marta,municipio,47001,11.1218941081,-73.8852782764
47030,Algarrobo,municipio,47030,10.2535647486,-74.1032302723
47053,Aracataca,municipio,47053,10.6449093326,-73.8797210421
47058,Ariguaní,municipio,47058,9.8342649547,-74.0846008458
47161,Cerro de San Antonio,municipio,47161,10.293728497,-74.8198150437
47170,Chivolo,municipio,47170,10.0995176217,-74.5260672346
47189,Ciénaga,municipio,47189,10.8886028331,-74.0424254216
47205,Concordia,municipio,47205,10.2328480128,-74.7781017528
47245,El Banco,municipio,47245,9.114930622,-73.9810549025
47258,El Piñón,municipio,47258,10.343109882,-74.678177555
47268,El Retén,municipio,47268,10.6596169595,-74.3251596984
47288,Fundación,municipio,47288,10.4593787673,-73.8840678819
47318,Guamal,municipio,47318,9.2480000418,-74.1396909113
47460,Nueva Granada,municipio,47460,9.7359958699,-74.3284032953
47541,Pedraza,municipio,47541,10.1559842836,-74.8375750624
47545,Pijiño del Carmen,municipio,47545,9.5307486536,-74.1447657019
47551,Pivijay,municipio,47551,10.4330339928,-74.4125119659
47555,Plato,municipio,47555,9.7694569252,-74.601811681
47570,Puebloviejo,municipio,47570,10.8483000941,-74.3599677497
47605,Remolino,municipio,47605,10.6486035063,-74.5810682256
47660,Sabanas de San Ángel,municipio,47660,10.1053302751,-74.2644392017
47675,Salamina,municipio,47675,10.5153817796,-74.7229697163
47692,San Sebastián de Buenavista,municipio,47692,9.3525602297,-74.2012165062
47703,San Zenón,municipio,47703,9.3276517841,-74.3567225844
47707,Santa Ana,municipio,47707,9.5194653462,-74.3393521997
47720,Santa Bárbara de Pinto,municipio,47720,9.5221143656,-74.6479000076
47745,Sitionuevo,municipio,47745,10.890276175,-74.6296608499
47798,Tenerife,municipio,47798,9.9247007874,-74.7326329529
47960,Zapayán,municipio,47960,10.1183484082,-74.6938133721
47980,Zona Bananera,municipio,47980,10.7953475193,-74.1801653247
50001,Villavicencio,municipio,50001,4.0916753508,-73.4929205452
50006,Acacías,municipio,50006,4.0096579679,-73.7239536093
50110,Barranca de Upía,municipio,50110,4.5190764614,-72.9954893297
50124,Cabuyaro,municipio,50124,4.3152447332,-72.9526888411
50150,Castilla la Nueva,municipio,50150,3.8051540892,-73.5388666765
50223,Cubarral,municipio,50223,3.8282418974,-74.0752974371
50226,Cumaral,municipio,50226,4.2324846972,-73.3146914986
50245,El Calvario,municipio,50245,4.3523903471,-73.7143848287
50251,El Castillo,municipio,50251,3.6156245419,-73.8880070695
50270,El Dorado,municipio,50270,3.7069697852,-73.8316189225
50287,Fuentedeoro,municipio,50287,3.3823701242,-73.5962542926
50313,Granada,municipio,50313,3.4965625478,-73.7469590953
50318,Guamal,municipio,50318,3.947775585,-73.9598386376
50325,Mapiripán,municipio,50325,3.1175254026,-71.9380497899
50330,Mesetas,municipio,50330,3.1547712008,-74.124548242
50350,La Macarena,municipio,50350,2.2623305988,-74.0580501239
50370,Uribe,municipio,50370,3.0472906923,-74.4324566792
50400,Lejanías,municipio,50400,3.6147148728,-74.0962846666
50450,Puerto Concordia,municipio,50450,2.7517048251,-72.7228945596
50568,Puerto Gaitán,municipio,50568,4.0050386214,-71.6315778102
50573,Puerto López,municipio,50573,4.0142988961,-72.6457049781
50577,Puerto Lleras,municipio,50577,3.1930929247,-73.2367143641
50590,Puerto Rico,municipio,50590,2.7583149075,-73.139097615
50606,Restrepo,municipio,50606,4.2374690922,-73.4736688297
50680,San Carlos de Guaroa,municipio,50680,3.8476429533,-73.2758794006
50683,San Juan de Arama,municipio,50683,3.2888595114,-73.8198102592
50686,San Juanito,municipio,50686,4.4692468525,-73.6621124592
50689,San Martín,municipio,50689,3.5359090731,-72.9853692761
50711,Vistahermosa,municipio,50711,2.8120637302,-73.6657495492
52001,Pasto,municipio,52001,1.0836042939,-77.2060991142
52019,Albán,municipio,52019,1.4698540845,-77.0688094718
52022,Aldana,municipio,52022,0.9134338809,-77.6953875913
52036,Ancuyá,municipio,52036,1.2452540765,-77.5311577704
52051,Arboleda,municipio,52051,1.4800511723,-77.1298500062
52079,Barbacoas,municipio,52079,1.4456377395,-78.1562107238
52083,Belén,municipio,52083,1.5907642818,-77.0428952553
52110,Buesaco,municipio,52110,1.3152156358,-77.1163663954
52203,Colón,municipio,52203,1.6363343791,-77.0473156003
52207,Consacá,municipio,52207,1.2090667323,-77.4406392075
52210,Contadero,municipio,52210,0.9326674582,-77.5280873144
52215,Córdoba,municipio,52215,0.7708018002,-77.3603297713
52224,Cuaspud,municipio,52224,0.8754269878,-77.7359159964
52227,Cumbal,municipio,52227,0.9442232745,-77.9595844555
52233,Cumbitara,municipio,52233,1.7255901101,-77.5928163725
52240,Chachagüí,municipio,52240,1.3864978444,-77.2696902201
52250,El Charco,municipio,52250,2.1831407791,-77.795726516
52254,El Peñol,municipio,52254,1.5119048452,-77.4304539572
52256,El Rosario,municipio,52256,1.845094452,-77.4382576752
52258,El Tablón de Gómez,municipio,52258,1.4094302074,-76.9852695879
52260,El Tambo,municipio,52260,1.4301570692,-77.3829433386
52287,Funes,municipio,52287,0.9142169827,-77.3284304405
52317,Guachucal,municipio,52317,0.9750379043,-77.7375894143
52320,Guaitarilla,municipio,52320,1.1513666578,-77.5301133623
52323,Gualmatán,municipio,52323,0.928642623,-77.582618827
52352,Iles,municipio,52352,0.9805340369,-77.5186572947
52354,Imués,municipio,52354,1.0728769698,-77.5015086436
52356,Ipiales,municipio,52356,0.5586144271,-77.3703571589
52378,La Cruz,municipio,52378,1.5841759981,-76.9233526214
52381,La Florida,municipio,52381,1.3339258891,-77.3882284364
52385,La Llanada,municipio,52385,1.5540112694,-77.7031765676
52390,La Tola,municipio,52390,2.4193064292,-78.2099103498
52399,La Unión,municipio,52399,1.6196973759,-77.1428462177
52405,Leiva,municipio,52405,1.9389769915,-77.3119443226
52411,Linares,municipio,52411,1.3951575528,-77.5209461844
52418,Los Andes,municipio,52418,1.6725997747,-77.710545483
52427,Magüí,municipio,52427,1.9068579328,-78.0447377927
52435,Mallama,municipio,52435,1.155947016,-77.8466464635
52473,Mosquera,municipio,52473,2.4424936979,-78.4388270041
52480,Nariño,municipio,52480,1.2808596077,-77.3538883474
52490,Olaya Herrera,municipio,52490,2.289892934,-78.2947162277
52506,Ospina,municipio,52506,1.0298158535,-77.5523494353
52520,Francisco Pizarro,municipio,52520,2.0885319254,-78.591930987
52540,Policarpa,municipio,52540,1.7353916019,-77.4813561486
52560,Potosí,municipio,52560,0.72267831,-77.4248076098
52565,Providencia,municipio,52565,1.2329189961,-77.5984568812
52573,Puerres,municipio,52573,0.8265193623,-77.3222487471
52585,Pupiales,municipio,52585,0.9167698313,-77.6333695367
52612,Ricaurte,municipio,52612,1.2027550843,-78.0476503591
52621,Roberto Payán,municipio,52621,1.8975820239,-78.3811168974
52678,Samaniego,municipio,52678,1.4305552618,-77.6917955915
52683,Sandoná,municipio,52683,1.2881054089,-77.4567006834
52685,San Bernardo,municipio,52685,1.5297824851,-77.0207066245
52687,San Lorenzo,municipio,52687,1.5421410173,-77.2187275591
52693,San Pablo,municipio,52693,1.6815766267,-76.9752797932
52694,San Pedro de Cartago,municipio,52694,1.536823494,-77.1014032492
52696,Santa Bárbara,municipio,52696,2.3021551802,-77.8743722922
52699,Santacruz,municipio,52699,1.2851786303,-77.7445962904
52720,Sapuyes,municipio,52720,1.0361890401,-77.6804498953
52786,Taminango,municipio,52786,1.5916617937,-77.3252341471
52788,Tangua,municipio,52788,1.0640853333,-77.3506351414
52835,San Andrés de Tumaco,municipio,52835,1.6361045641,-78.6138697892
52838,Túquerres,municipio,52838,1.1344805739,-77.6307290026
52885,Yacuanquer,municipio,52885,1.1255479913,-77.4246756917
54001,Cúcuta,municipio,54001,8.1119869751,-72.4886344451
54003,Ábrego,municipio,54003,8.0198344807,-73.1585048457
54051,Arboledas,municipio,54051,7.6132312828,-72.8613641974
54099,Bochalema,municipio,54099,7.633466266,-72.6578127591
54109,Bucarasica,municipio,54109,8.0798022393,-72.9291992548
54125,Cácota,municipio,54125,7.2705600879,-72.6521215256
54128,Cáchira,municipio,54128,7.6841888964,-73.1293948118
54172,Chinácota,municipio,54172,7.5833531274,-72.5839096949
54174,Chitagá,municipio,54174,7.0516165986,-72.5254480104
54206,Convención,municipio,54206,8.8732246577,-73.200053069
54223,Cucutilla,municipio,54223,7.5021823662,-72.7970344714
54239,Durania,municipio,54239,7.7469973156,-72.6720828015
54245,El Carmen,municipio,54245,8.8679831919,-73.3458594592
54250,El Tarra,municipio,54250,8.6782636711,-73.0317596984
54261,El Zulia,municipio,54261,8.0811924708,-72.6315219877
54313,Gramalote,municipio,54313,7.9065229905,-72.8070558153
54344,Hacarí,municipio,54344,8.3618319871,-73.0782632984
54347,Herrán,municipio,54347,7.4939557814,-72.4926999808
54377,Labateca,municipio,54377,7.265515346,-72.522663111
54385,La Esperanza,municipio,54385,7.6952335783,-73.3613967165
54398,La Playa,municipio,54398,8.2567578746,-73.1878932662
54405,Los Patios,municipio,54405,7.7414323359,-72.5272464629
54418,Lourdes,municipio,54418,7.9637127586,-72.8467029032
54480,Mutiscua,municipio,54480,7.3169439709,-72.7683472363
54498,Ocaña,municipio,54498,8.2302877756,-73.3563545801
54518,Pamplona,municipio,54518,7.3790576234,-72.6759034752
54520,Pamplonita,municipio,54520,7.482879559,-72.6351540213
54553,Puerto Santander,municipio,54553,8.3291431164,-72.4111907032
54599,Ragonvalia,municipio,54599,7.595355974,-72.5075662211
54660,Salazar,municipio,54660,7.7727478235,-72.867699587
54670,San Calixto,municipio,54670,8.4538375484,-73.1579809415
54673,San Cayetano,municipio,54673,7.8478106341,-72.6098052677
54680,Santiago,municipio,54680,7.889234454,-72.7182541037
54720,Sardinata,municipio,54720,8.2641284841,-72.8063153747
54743,Silos,municipio,54743,7.1584049592,-72.7926276333
54800,Teorama,municipio,54800,8.7600137942,-73.1571409657
54810,Tibú,municipio,54810,8.7135072366,-72.7992585501
54820,Toledo,municipio,54820,7.223054116,-72.3035619698
54871,Villa Caro,municipio,54871,7.9362931729,-72.9875941824
54874,Villa del Rosario,municipio,54874,7.7571843339,-72.4820279683
63001,Armenia,municipio,63001,4.4993293342,-75.7248303367
63111,Buenavista,municipio,63111,4.3668396618,-75.7439897892
63130,Calarcá,municipio,63130,4.4681277422,-75.6563832175
63190,Circasia,municipio,63190,4.6048949428,-75.6669172423
63212,Córdoba,municipio,63212,4.396119972,-75.652018738
63272,Filandia,municipio,63272,4.6693681349,-75.6714467717
63302,Génova,municipio,63302,4.1802522841,-75.7603940917
63401,La Tebaida,municipio,63401,4.4357625214,-75.8173572172
63470,Montenegro,municipio,63470,4.52196525,-75.8179934577
63548,Pijao,municipio,63548,4.3042301925,-75.6834168552
63594,Quimbaya,municipio,63594,4.6102870134,-75.7921175992
63690,Salento,municipio,63690,4.6112974944,-75.5308851105
66001,Pereira,municipio,66001,4.7812671525,-75.712327602
66045,Apía,municipio,66045,5.1396350343,-75.9535386813
66075,Balboa,municipio,66075,4.9183496756,-75.9427538581
66088,Belén de Umbría,municipio,66088,5.2003986956,-75.8679389335
66170,Dosquebradas,municipio,66170,4.8420210159,-75.669936821
66318,Guática,municipio,66318,5.3202959663,-75.8043665892
66383,La Celia,municipio,66383,4.9881276785,-76.008226782
66400,La Virginia,municipio,66400,4.9045436679,-75.8520551628
66440,Marsella,municipio,66440,4.942936185,-75.7532138959
66456,Mistrató,municipio,66456,5.4140781406,-75.9613538661
66572,Pueblo Rico,municipio,66572,5.2862954078,-76.0735942121
66594,Quinchía,municipio,66594,5.3239017708,-75.7133925082
66682,Santa Rosa de Cabal,municipio,66682,4.8337894793,-75.5495022317
66687,Santuario,municipio,66687,5.0459896714,-75.9819954807
68001,Bucaramanga,municipio,68001,7.1553865413,-73.1117845872
68013,Aguada,municipio,68013,6.1822084765,-73.5303854091
68020,Albania,municipio,68020,5.7780733907,-73.8284597355
68051,Aratoca,municipio,68051,6.7167665852,-73.0116269697
68077,Barbosa,municipio,68077,5.9555873506,-73.6234415495
68079,Barichara,municipio,68079,6.6470625434,-73.2151846631
68081,Barrancabermeja,municipio,68081,7.0540747456,-73.78211597
68092,Betulia,municipio,68092,7.0132040581,-73.3874352084
68101,Bolívar,municipio,68101,6.0936912956,-74.1134019218
68121,Cabrera,municipio,68121,6.5625436735,-73.2503489225
68132,California,municipio,68132,7.3532880841,-72.9263443263
68147,Capitanejo,municipio,68147,6.5202000949,-72.6743520259
68152,Carcasí,municipio,68152,6.6596752738,-72.569684339
68160,Cepitá,municipio,68160,6.7524655331,-72.9292462903
68162,Cerrito,municipio,68162,6.9039042152,-72.645341636
68167,Charalá,municipio,68167,6.1955498988,-73.1540120821
68169,Charta,municipio,68169,7.258964401,-72.9878787996
68176,Chima,municipio,68176,6.3726771812,-73.4147612077
68179,Chipatá,municipio,68179,6.0679446579,-73.6323913168
68190,Cimitarra,municipio,68190,6.40972961,-74.1703042688
68207,Concepción,municipio,68207,6.7845311689,-72.6057161091
68209,Confines,municipio,68209,6.3556206935,-73.2398527183
68211,Contratación,municipio,68211,6.303116611,-73.5021152727
68217,Coromoro,municipio,68217,6.2347363727,-72.9817709138
68229,Curití,municipio,68229,6.6183411608,-73.0187300079
68235,El Carmen de Chucurí,municipio,68235,6.6642600017,-73.564752876
68245,El Guacamayo,municipio,68245,6.2535479766,-73.5359115059
68250,El Peñón,municipio,68250,6.0967262175,-73.9271822883
68255,El Playón,municipio,68255,7.5242847213,-73.1815819158
68264,Encino,municipio,68264,6.0790612237,-73.0620666488
68266,Enciso,municipio,68266,6.6582411504,-72.6802793894
68271,Florián,municipio,68271,5.8011062906,-73.9552493075
68276,Floridablanca,municipio,68276,7.0797698491,-73.0679596099
68296,Galán,municipio,68296,6.6718109936,-73.324671243
68298,Gámbita,municipio,68298,5.9243835577,-73.3193993359
68307,Girón,municipio,68307,7.0366046589,-73.2489013866
68318,Guaca,municipio,68318,6.9316636621,-72.8289069397
68320,Guadalupe,municipio,68320,6.2332782476,-73.4097744526
68322,Guapotá,municipio,68322,6.3192998651,-73.3311527516
68324,Guavatá,municipio,68324,5.9448948443,-73.7217367073
68327,Güepsa,municipio,68327,6.0333738736,-73.5789950876
68344,Hato,municipio,68344,6.5598782988,-73.3617884052
68368,Jesús María,municipio,68368,5.8542882339,-73.8234221745
68370,Jordán,municipio,68370,6.7137797172,-73.0996131812
68377,La Belleza,municipio,68377,5.9102326457,-74.0507248933
68385,Landázuri,municipio,68385,6.3314962607,-73.8186898222
68397,La Paz,municipio,68397,6.2173743696,-73.6297719514
68406,Lebrija,municipio,68406,7.2040569251,-73.2913760493
68418,Los Santos,municipio,68418,6.8121621897,-73.1078514804
68425,Macaravita,municipio,68425,6.5137453028,-72.5853649192
68432,Málaga,municipio,68432,6.7202300683,-72.7384127335
68444,Matanza,municipio,68444,7.3487783187,-73.0543899733
68464,Mogotes,municipio,68464,6.4925323155,-72.9583477243
68468,Molagavita,municipio,68468,6.6432905595,-72.8191627393
68498,Ocamonte,municipio,68498,6.3553688575,-73.122118331
68500,Oiba,municipio,68500,6.2251082064,-73.2800670218
68502,Onzaga,municipio,68502,6.3351945475,-72.8120583762
68522,Palmar,municipio,68522,6.5247539937,-73.2890067095
68524,Palmas del Socorro,municipio,68524,6.3917501071,-73.2827317433
68533,Páramo,municipio,68533,6.4166311307,-73.1714823195
68547,Piedecuesta,municipio,68547,6.962475478,-73.0051955842
68549,Pinchote,municipio,68549,6.5138923675,-73.1757100125
68572,Puente Nacional,municipio,68572,5.8311299056,-73.6784181528
68573,Puerto Parra,municipio,68573,6.6852788564,-73.9576125578
68575,Puerto Wilches,municipio,68575,7.5835416869,-73.7873272665
68615,Rionegro,municipio,68615,7.4742260847,-73.372464172
68655,Sabana de Torres,municipio,68655,7.4030463584,-73.5715799473
68669,San Andrés,municipio,68669,6.7964830629,-72.8161320234
68673,San Benito,municipio,68673,6.1016812041,-73.5274905033
68679,San Gil,municipio,68679,6.5507775124,-73.1188803903
68682,San Joaquín,municipio,68682,6.4598798226,-72.8547188305
68684,San José de Miranda,municipio,68684,6.6294112581,-72.7397625941
68686,San Miguel,municipio,68686,6.5681215413,-72.643224968
68689,San Vicente de Chucurí,municipio,68689,6.8942916935,-73.5390032657
68705,Santa Bárbara,municipio,68705,6.9656762107,-72.9071260009
68720,Santa Helena del Opón,municipio,68720,6.4089064164,-73.5820657321
68745,Simacota,municipio,68745,6.6481000306,-73.6901167245
68755,Socorro,municipio,68755,6.4620882408,-73.244360009
68770,Suaita,municipio,68770,6.1145624494,-73.366296869
68773,Sucre,municipio,68773,5.9832037341,-73.9593623539
68780,Suratá,municipio,68780,7.4754020633,-72.9877996589
68820,Tona,municipio,68820,7.1708843432,-72.9396903408
68855,Valle de San José,municipio,68855,6.4345789189,-73.1099717097
68861,Vélez,municipio,68861,6.2205822533,-73.7024480516
68867,Vetas,municipio,68867,7.322219563,-72.881569005
68872,Villanueva,municipio,68872,6.6858673262,-73.1639691602
68895,Zapatoca,municipio,68895,6.8346267053,-73.2797597862
70001,Sincelejo,municipio,70001,9.3166995304,-75.431745884
70110,Buenavista,municipio,70110,9.320027344,-74.9520445316
70124,Caimito,municipio,70124,8.7923115988,-75.131910629
70204,Colosó,municipio,70204,9.5279497463,-75.3644714041
70215,Corozal,municipio,70215,9.2040567495,-75.2505683851
70221,Coveñas,municipio,70221,9.3944553691,-75.6575372744
70230,Chalán,municipio,70230,9.569584598,-75.3242090754
70233,El Roble,municipio,70233,9.071009385,-75.1381866041
70235,Galeras,municipio,70235,9.1351690958,-74.9813470567
70265,Guaranda,municipio,70265,8.3839206988,-74.676184817
70400,La Unión,municipio,70400,8.8119977989,-75.283222116
70418,Los Palmitos,municipio,70418,9.4223800824,-75.2130222242
70429,Majagual,municipio,70429,8.5461281924,-74.7103763262
70473,Morroa,municipio,70473,9.39250085,-75.3271895825
70508,Ovejas,municipio,70508,9.5496552707,-75.1885591606
70523,Palmito,municipio,70523,9.3348997719,-75.5619360647
70670,Sampués,municipio,70670,9.1651664911,-75.3602674712
70678,San Benito Abad,municipio,70678,8.8356349195,-74.9646939832
70702,San Juan de Betulia,municipio,70702,9.2920534218,-75.2136339879
70708,San Marcos,municipio,70708,8.5892201022,-75.172499549
70713,San Onofre,municipio,70713,9.8145888317,-75.5052624653
70717,San Pedro,municipio,70717,9.3968351878,-75.0374187084
70742,San Luis de Sincé,municipio,70742,9.2562990472,-75.0939708887
70771,Sucre,municipio,70771,8.8143278616,-74.7475304131
70820,Santiago de Tolú,municipio,70820,9.5338085978,-75.5354382874
70823,Tolú Viejo,municipio,70823,9.4902983349,-75.4445112196
73001,Ibagué,municipio,73001,4.4519214272,-75.2525909955
73024,Alpujarra,municipio,73024,3.3900150636,-74.9407823248
73026,Alvarado,municipio,73026,4.5826257841,-74.986306856
73030,Ambalema,municipio,73030,4.8249132702,-74.8044193765
73043,Anzoátegui,municipio,73043,4.6317840368,-75.191177487
73055,Armero,municipio,73055,5.0067589563,-74.8475009487
73067,Ataco,municipio,73067,3.4284301576,-75.4822788188
73124,Cajamarca,municipio,73124,4.4069670455,-75.4974680109
73148,Carmen de Apicalá,municipio,73148,4.1234142353,-74.747005419
73152,Casabianca,municipio,73152,5.0166900598,-75.1890397718
73168,Chaparral,municipio,73168,3.7436930844,-75.5898663417
73200,Coello,municipio,73200,4.3541623156,-74.9114745344
73217,Coyaima,municipio,73217,3.738625554,-75.1485373622
73226,Cunday,municipio,73226,3.9825237466,-74.6893692714
73236,Dolores,municipio,73236,3.5978632737,-74.802566735
73268,Espinal,municipio,73268,4.1664769692,-74.8935294081
73270,Falan,municipio,73270,5.0792565983,-74.957033717
73275,Flandes,municipio,73275,4.2428132568,-74.8370863788
73283,Fresno,municipio,73283,5.1866948123,-75.0522899468
73319,Guamo,municipio,73319,4.0765013411,-74.9765728699
73347,Herveo,municipio,73347,5.0685537829,-75.2432295872
73349,Honda,municipio,73349,5.1794155459,-74.7830306356
73352,Icononzo,municipio,73352,4.1332679207,-74.5396419984
73408,Lérida,municipio,73408,4.8660345915,-74.9233717839
73411,Líbano,municipio,73411,4.8779367554,-75.0476307571
73443,San Sebastián de Mariquita,municipio,73443,5.2353223159,-74.9066782586
73449,Melgar,municipio,73449,4.1860546553,-74.6378363777
73461,Murillo,municipio,73461,4.8267344683,-75.2199398651
73483,Natagaima,municipio,73483,3.5405182028,-75.1220099935
73504,Ortega,municipio,73504,3.937793962,-75.2782431445
73520,Palocabildo,municipio,73520,5.0940357369,-75.0184504949
73547,Piedras,municipio,73547,4.4850041436,-74.9208960232
73555,Planadas,municipio,73555,3.0989733688,-75.8168441838
73563,Prado,municipio,73563,3.7291666491,-74.8724770559
73585,Purificación,municipio,73585,3.8542814874,-74.8745118558
73616,Rioblanco,municipio,73616,3.4680781556,-75.8548120768
73622,Roncesvalles,municipio,73622,4.0978611812,-75.5942802681
73624,Rovira,municipio,73624,4.2167309538,-75.3475836352
73671,Saldaña,municipio,73671,3.9125427866,-75.0185976148
73675,San Antonio,municipio,73675,3.9551434586,-75.4990828215
73678,San Luis,municipio,73678,4.1286184902,-75.1124479221
73686,Santa Isabel,municipio,73686,4.7291076158,-75.2071286305
73770,Suárez,municipio,73770,4.0489399472,-74.8185793327
73854,Valle de San Juan,municipio,73854,4.1821256465,-75.1714823679
73861,Venadillo,municipio,73861,4.7098817228,-74.9208988633
73870,Villahermosa,municipio,73870,4.9658585558,-75.1558226859
73873,Villarrica,municipio,73873,3.8543840967,-74.6189662306
76001,Cali,municipio,76001,3.3990439189,-76.5764927152
76020,Alcalá,municipio,76020,4.6788959242,-75.7829782108
76036,Andalucía,municipio,76036,4.1448536006,-76.1647046061
76041,Ansermanuevo,municipio,76041,4.7959271629,-76.0296304319
76054,Argelia,municipio,76054,4.7042878643,-76.1416499855
76100,Bolívar,municipio,76100,4.3636817553,-76.3648596008
76109,Buenaventura,municipio,76109,3.611793873,-77.0859943285
76111,Guadalajara de Buga,municipio,76111,3.8552470465,-76.1051469688
76113,Bugalagrande,municipio,76113,4.1968529911,-76.0896103031
76122,Caicedonia,municipio,76122,4.3089978086,-75.8367249448
76126,Calima,municipio,76126,3.9443866198,-76.6277829463
76130,Candelaria,municipio,76130,3.3820943265,-76.3831754084
76147,Cartago,municipio,76147,4.7068470824,-75.9179080881
76233,Dagua,municipio,76233,3.6498741701,-76.7204143057
76243,El Águila,municipio,76243,4.9175628729,-76.0660100075
76246,El Cairo,municipio,76246,4.7560637009,-76.2150282576
76248,El Cerrito,municipio,76248,3.6759888305,-76.2091580913
76250,El Dovio,municipio,76250,4.5398013672,-76.2873886291
76275,Florida,municipio,76275,3.3041046231,-76.1647741372
76306,Ginebra,municipio,76306,3.7441053984,-76.1908216444
76318,Guacarí,municipio,76318,3.783781083,-76.2944930222
76364,Jamundí,municipio,76364,3.2138724879,-76.6276117339
76377,La Cumbre,municipio,76377,3.6942924061,-76.5899113817
76400,La Unión,municipio,76400,4.5379373908,-76.1032898273
76403,La Victoria,municipio,76403,4.483511142,-75.9667730272
76497,Obando,municipio,76497,4.5975886656,-75.9491996979
76520,Palmira,municipio,76520,3.5583936114,-76.2277991241
76563,Pradera,municipio,76563,3.4206366089,-76.1784187805
76606,Restrepo,municipio,76606,3.8062726624,-76.5346374714
76616,Riofrío,municipio,76616,4.1094996255,-76.3710554486
76622,Roldanillo,municipio,76622,4.4434319011,-76.1680867984
76670,San Pedro,municipio,76670,3.9814324397,-76.2083616779
76736,Sevilla,municipio,76736,4.1934082209,-75.8881810753
76823,Toro,municipio,76823,4.6384212785,-76.0810617613
76828,Trujillo,municipio,76828,4.2332677506,-76.3429261363
76834,Tuluá,municipio,76834,4.0284079705,-76.0325037925
76845,Ulloa,municipio,76845,4.7077186747,-75.7783598037
76863,Versalles,municipio,76863,4.62259022,-76.2178961023
76869,Vijes,municipio,76869,3.7433678197,-76.4703590051
76890,Yotoco,municipio,76890,3.9041895054,-76.3907974246
76892,Yumbo,municipio,76892,3.5959136695,-76.5109879004
76895,Zarzal,municipio,76895,4.3535999509,-76.0506499196
81001,Arauca,municipio,81001,6.7962809057,-70.509201991
81065,Arauquita,municipio,81065,6.7993381321,-71.2982643762
81220,Cravo Norte,municipio,81220,6.3467202624,-70.0698332359
81300,Fortul,municipio,81300,6.7053159527,-71.8294520014
81591,Puerto Rondón,municipio,81591,6.4117618294,-70.9667896425
81736,Saravena,municipio,81736,6.9069417144,-71.8507075669
81794,Tame,municipio,81794,6.3906504788,-71.7917864683
85001,Yopal,municipio,85001,5.2427447618,-72.2580286091
85010,Aguazul,municipio,85010,5.1261218448,-72.5482101988
85015,Chámeza,municipio,85015,5.2292389512,-72.8660880441
85125,Hato Corozal,municipio,85125,6.1090214223,-71.1364550022
85136,La Salina,municipio,85136,6.1782823725,-72.3469337724
85139,Maní,municipio,85139,4.6757694879,-72.2128027271
85162,Monterrey,municipio,85162,4.8413086416,-72.8473433982
85225,Nunchía,municipio,85225,5.5291533537,-72.0924669031
85230,Orocué,municipio,85230,4.9151391334,-71.5987396574
85250,Paz de Ariporo,municipio,85250,5.7799152566,-70.8694714658
85263,Pore,municipio,85263,5.6630463754,-71.9257339925
85279,Recetor,municipio,85279,5.2630685075,-72.7708183072
85300,Sabanalarga,municipio,85300,4.8111901096,-72.9958065502
85315,Sácama,municipio,85315,6.0499064345,-72.2107616316
85325,San Luis de Palenque,municipio,85325,5.2318235528,-71.5935251535
85400,Támara,municipio,85400,5.8789277413,-72.2006784689
85410,Tauramena,municipio,85410,4.6981941672,-72.6294484068
85430,Trinidad,municipio,85430,5.3673604633,-71.1939346955
85440,Villanueva,municipio,85440,4.5283076005,-72.8231422329
86001,Mocoa,municipio,86001,1.2285749947,-76.6843621833
86219,Colón,municipio,86219,1.2232178184,-76.9667296216
86320,Orito,municipio,86320,0.6737542778,-76.9431466165
86568,Puerto Asís,municipio,86568,0.4786114636,-76.3282001496
86569,Puerto Caicedo,municipio,86569,0.7250718725,-76.4810076443
86571,Puerto Guzmán,municipio,86571,0.7464322151,-75.8802297851
86573,Puerto Leguízamo,municipio,86573,0.0594719696,-75.0647932712
86749,Sibundoy,municipio,86749,1.2287469224,-76.9130758535
86755,San Francisco,municipio,86755,1.1360710961,-76.8472666058
86757,San Miguel,municipio,86757,0.3058738277,-76.8577578778
86760,Santiago,municipio,86760,1.0858128566,-77.0056290076
86865,Valle del Guamuez,municipio,86865,0.4129636877,-76.8840928954
86885,Villagarzón,municipio,86885,0.9111491813,-76.7449545404
88001,San Andrés,municipio,88001,12.5431861882,-81.7175928417
88564,Providencia,municipio,88564,13.353272356,-81.3739066125
91001,Leticia,municipio,91001,-3.5300587837,-70.0451369098
91263,El Encanto,municipio,91263,-1.9972347946,-72.7236156553
91405,La Chorrera,municipio,91405,-1.2380822287,-72.7640223074
91407,La Pedrera,municipio,91407,-1.4271430006,-70.0383044468
91430,La Victoria,municipio,91430,-0.1250163806,-71.1048780474
91460,Mirití - Paraná,municipio,91460,-0.6870375532,-71.1855045979
91530,Puerto Alegría,municipio,91530,-0.9521450731,-73.757227478
91536,Puerto Arica,municipio,91536,-1.9102206856,-71.1520014794
91540,Puerto Nariño,municipio,91540,-3.631323222,-70.4719903927
91669,Puerto Santander,municipio,91669,-1.1010326241,-71.9389335823
91798,Tarapacá,municipio,91798,-2.451794264,-70.0065153529
94001,Inírida,municipio,94001,3.3194049849,-68.4572365918
94343,Barranco Minas,municipio,94343,3.1402592661,-69.6975583518
94883,San Felipe,municipio,94883,2.1559086408,-67.3398854312
94884,Puerto Colombia,municipio,94884,2.5075798363,-68.2089871519
94885,La Guadalupe,municipio,94885,1.4045402736,-67.0015180004
94886,Cacahual,municipio,94886,3.3861624499,-67.5850799835
94887,Pana Pana,municipio,94887,1.981055294,-69.1144003559
94888,Morichal,municipio,94888,2.421379283,-69.8394143388
95001,San José del Guaviare,municipio,95001,2.4844940259,-71.9179826909
95015,Calamar,municipio,95015,1.6132942489,-73.0333441225
95025,El Retorno,municipio,95025,2.0861153627,-71.5365668729
95200,Miraflores,municipio,95200,1.3639750731,-72.0181097728
97001,Mitú,municipio,97001,1.0155718505,-70.4175528759
97161,Carurú,municipio,97161,1.0527624018,-71.3309306304
97511,Pacoa,municipio,97511,0.1947700052,-70.9364722905
97666,Taraira,municipio,97666,-0.719822209,-69.9077620146
97777,Papunahua,municipio,97777,1.6816113814,-70.7061876108
97889,Yavaraté,municipio,97889,0.8333122413,-69.6186775439
99001,Puerto Carreño,municipio,99001,5.8365311945,-68.1412233283
99524,La Primavera,municipio,99524,5.517594874,-69.6204404938
99624,Santa Rosalía,municipio,99624,4.9685810118,-70.6599709678
99773,Cumaribo,municipio,99773,4.2624553761,-69.5214038498
17001911,ANDAP,oferente,,,
17001912,Asociación Educativa AE,oferente,,,
17001913,Colegiatura del Café,oferente,,,
17001914,Colombo Americano - Universidad de Caldas,oferente,,,
17001915,Fundacion Batuta de Caldas,oferente,,,
17001916,Politécnico Nacional,oferente,,,
17001917,Tecniversa,oferente,,,
17001918,Unitecnica,oferente,,,
17001919,Universidad Autonoma de Manizales,oferente,1825,,
17001920,Universidad Catolica de Manizales,oferente,1827,,
17001921,Universidad de Caldas,oferente,1112,,
17001922,Universidad de Manizales,oferente,1722,,
51,"La Libertad, Perú",otro,51,-9.189967,-75.015152
502,"Chiquimula, Guatemala",otro,502,14.8009,-89.54641
57,Colombia,país,57,,
